FunctionCode,Address,Type,Size,ParamName,Scale,Description,ModelSim
3,7000,u16,16,param1,1,运行状态,model=4|arg1=emu.PcsList[deviceId].OperatingStatus|arg2=|arg3=|arg4=1000
3,7001,u32,32,param2,1000,总视在功率,model=4|arg1=emu.PcsList[deviceId].ApparentPower|arg2=|arg3=|arg4=1000
3,7003,int32,32,param3,1000,总有功功率,model=4|arg1=emu.PcsList[deviceId].ActivePower|arg2=|arg3=|arg4=1000
3,7005,int32,32,param4,1000,总无功功率,model=4|arg1=emu.PcsList[deviceId].ReactivePower|arg2=|arg3=|arg4=1000
3,7007,u32,32,param5,1,累计运行时间,0
3,7009,u16,16,param6,10,电网频率,50
3,7010,int16,16,param7,10,功率因数,model=4|arg1=emu.PcsList[deviceId].PowerFactor|arg2=|arg3=|arg4=1000
3,7011,u16,16,param8,10,总电流 U 相,model=4|arg1=emu.PcsList[deviceId].PhaseACurrent|arg2=|arg3=|arg4=1000
3,7012,u16,16,param9,10,总电流 V 相,model=4|arg1=emu.PcsList[deviceId].PhaseBCurrent|arg2=|arg3=|arg4=1000
3,7013,u16,16,param10,10,总电流 W 相,model=4|arg1=emu.PcsList[deviceId].PhaseCCurrent|arg2=|arg3=|arg4=1000
3,7014,u32,32,param11,1000,日充电量,model=4|arg1=emu.PcsList[deviceId].DailyChargeEnergy|arg2=|arg3=|arg4=1000
3,7016,u32,32,param12,1000,日放电量,model=4|arg1=emu.PcsList[deviceId].DailyDischargeEnergy|arg2=|arg3=|arg4=1000
3,7018,u32,32,param13,1000,总充电量,model=4|arg1=emu.PcsList[deviceId].TotalChargeEnergy|arg2=|arg3=|arg4=1000
3,7020,u32,32,param14,1000,总放电量,model=4|arg1=emu.PcsList[deviceId].TotalDischargeEnergy|arg2=|arg3=|arg4=1000
3,7200,u16,16,param15,1,单元1告警1,model=4|arg1=emu.PcsList[deviceId].AlarmSummary1|arg2=|arg3=|arg4=1000
3,7201,u16,16,param16,1,单元1告警2,model=4|arg1=emu.PcsList[deviceId].AlarmSummary2|arg2=|arg3=|arg4=1000
3,7202,u16,16,param17,1,单元1告警3,model=4|arg1=emu.PcsList[deviceId].AlarmSummary3|arg2=|arg3=|arg4=1000
3,7203,u16,16,param18,1,单元1告警4,model=4|arg1=emu.PcsList[deviceId].AlarmSummary4|arg2=|arg3=|arg4=1000
3,7204,u16,16,param19,1,单元1告警5,model=4|arg1=emu.PcsList[deviceId].AlarmSummary5|arg2=|arg3=|arg4=1000
3,7205,u16,16,param20,1,单元1告警6,model=4|arg1=emu.PcsList[deviceId].AlarmSummary6|arg2=|arg3=|arg4=1000
3,7206,u16,16,param21,1,单元1告警7,model=4|arg1=emu.PcsList[deviceId].AlarmSummary7|arg2=|arg3=|arg4=1000
3,7207,u16,16,param22,1,单元1告警8,0
3,7208,u16,16,param23,1,单元1告警9,0
3,7209,u16,16,param24,1,单元1告警10,0
3,7210,u16,16,param25,1,单元1告警11,0
3,7211,u16,16,param26,1,单元1告警12,0
3,7212,u16,16,param27,1,单元1告警13,0
3,7213,u16,16,param28,1,单元1告警14,0
3,7214,u16,16,param29,1,单元1告警15,0
3,7215,u16,16,param30,1,单元1告警16,0
3,7216,u16,16,param31,10,单元1电网UV电压,model=4|arg1=emu.PcsList[deviceId].LineVoltageAB|arg2=|arg3=|arg4=1000
3,7217,u16,16,param32,10,单元1电网VW电压,model=4|arg1=emu.PcsList[deviceId].LineVoltageBC|arg2=|arg3=|arg4=1000
3,7218,u16,16,param33,10,单元1电网WU电压,model=4|arg1=emu.PcsList[deviceId].LineVoltageCA|arg2=|arg3=|arg4=1000
3,7219,u16,16,param34,10,单元1输出U相电流,model=4|arg1=emu.PcsList[deviceId].PhaseACurrent|arg2=|arg3=|arg4=1000
3,7220,u16,16,param35,10,单元1输出V相电流,model=4|arg1=emu.PcsList[deviceId].PhaseBCurrent|arg2=|arg3=|arg4=1000
3,7221,u16,16,param36,10,单元1输出W相电流,model=4|arg1=emu.PcsList[deviceId].PhaseCCurrent|arg2=|arg3=|arg4=1000
3,7222,u32,32,param37,1000,单元1视在功率,model=4|arg1=emu.PcsList[deviceId].ApparentPower|arg2=|arg3=|arg4=1000
3,7224,int32,32,param38,1000,单元1有功功率,model=4|arg1=emu.PcsList[deviceId].ActivePower|arg2=|arg3=|arg4=1000
3,7226,int32,32,param39,1000,单元1无功功率,model=4|arg1=emu.PcsList[deviceId].ReactivePower|arg2=|arg3=|arg4=1000
3,7228,int16,16,param40,10,单元1功率因数,model=4|arg1=emu.PcsList[deviceId].PowerFactor|arg2=|arg3=|arg4=1000
3,7229,u16,16,param41,10,单元1支路1直流电压,model=4|arg1=emu.PcsList[deviceId].Battery1Voltage|arg2=|arg3=|arg4=1000
3,7230,int16,16,param42,10,单元1支路1直流电流,model=4|arg1=emu.PcsList[deviceId].Battery1Current|arg2=|arg3=|arg4=1000
3,7231,int32,32,param43,1,单元1支路1直流功率,model=4|arg1=emu.PcsList[deviceId].Battery1Power|arg2=|arg3=|arg4=1000
3,7233,u16,16,param44,10,单元1支路2直流电压,model=4|arg1=emu.PcsList[deviceId].Battery2Voltage|arg2=|arg3=|arg4=1000
3,7234,int16,16,param45,10,单元1支路2直流电流,model=4|arg1=emu.PcsList[deviceId].Battery2Current|arg2=|arg3=|arg4=1000
3,7235,int32,32,param46,1,单元1支路2直流功率,model=4|arg1=emu.PcsList[deviceId].Battery2Power|arg2=|arg3=|arg4=1000
3,7237,u16,16,param47,100,单元1频率,model=4|arg1=emu.PcsList[deviceId].Frequency|arg2=|arg3=|arg4=1000
3,7238,int16,16,param48,10,单元1内部温度,model=4|arg1=emu.PcsList[deviceId].ControlCabinetTemp|arg2=|arg3=|arg4=1000
3,7239,int16,16,param49,10,单元1U相 IGBT温度,model=4|arg1=emu.PcsList[deviceId].PhaseAIGBTTemp|arg2=|arg3=|arg4=1000
3,7240,int16,16,param50,10,单元1V相 IGBT温度,model=4|arg1=emu.PcsList[deviceId].PhaseBIGBTTemp|arg2=|arg3=|arg4=1000
3,7241,int16,16,param51,10,单元1W相 IGBT温度,model=4|arg1=emu.PcsList[deviceId].PhaseCIGBTTemp|arg2=|arg3=|arg4=1000
3,7242,u16,16,param52,1,单元1并离网状态,model=4|arg1=emu.PcsList[deviceId].gridOnOffSwitch|arg2=|arg3=|arg4=1000
3,7243,u16,16,param53,10,单元1可用功率,0
3,7244,u16,16,param54,10,单元1总负载比,0
3,7245,u16,16,param55,10,单元1交流漏电流,0
3,7246,u16,16,param56,10,单元1绝缘阻抗,0
6,7800,u16,16,param57,1,开关机,0
6,7801,u16,16,param58,1,上电自启动,0
6,7802,u16,16,param59,1,电网额定频率,0
6,7803,u16,16,param60,1,H/LVRT,0
6,7804,u16,16,param61,1,主动孤岛,0
6,7805,u16,16,param62,1,计划曲线运行,0
6,7806,u16,16,param63,1,系统运行模式,0
6,7807,u16,16,param64,1,有功功率控制模式 0:交流侧控制;1:直流侧控制,model=4|arg1=emu.PcsList[deviceId].PCSActiveControlMode|arg2=|arg3=|arg4=1000
6,7808,u16,16,param65,1,无功功率运行模式,0
6,7809,u16,16,param66,1,无功功率控制,0
6,7810,u16,16,param67,1,功率因数控制,0
6,7811,int16,16,param68,10,交流侧有功功率设定,model=4|arg1=emu.PcsList[deviceId].PCSACActivePowerSetting|arg2=|arg3=|arg4=1000
6,7812,int16,16,param69,10,直流侧支路1有功功率设定,model=4|arg1=emu.PcsList[deviceId].PCSDC1ActivePowerSetting|arg2=|arg3=|arg4=1000
6,7813,int16,16,param70,10,直流侧支路2有功功率设定,model=4|arg1=emu.PcsList[deviceId].PCSDC2ActivePowerSetting|arg2=|arg3=|arg4=1000
6,7814,int16,16,param71,10,无功功率设定,model=4|arg1=emu.PcsList[deviceId].PCSReactivePowerSetting|arg2=|arg3=|arg4=1000
6,7815,int16,16,param72,10,功率因数设定,0
6,7816,int16,16,param73,10,恒流模式电流,0
6,7817,u32,32,param74,1000,功率斜率,model=4|arg1=emu.PcsList[deviceId].PowerRampRate|arg2=|arg3=|arg4=1000
6,7819,u32,32,param75,1000,启停斜率,model=4|arg1=emu.PcsList[deviceId].StartStopRampRate|arg2=|arg3=|arg4=1000
6,7821,u16,16,param76,1,远程通讯故障保护,0
6,7822,u16,16,param77,1,恢复并网,0
6,7823,u16,16,param78,1,电网异常自恢复,0
6,7824,u16,16,param79,1,SVG功能,0
6,7825,u16,16,param80,1,外接 PID功能,0
6,7826,u16,16,param81,1,故障恢复时间,0
6,7827,u16,16,param82,10,恒压模式直流电压,0
6,7900,u16,16,param111,1,单元1并离网模式,0
3,8200,u16,16,param112,1,单元1BMS系统状态,0
3,8201,u16,16,param113,10,单元1电池组总电压,0
3,8202,int16,16,param114,10,单元1电池组总电流,0
3,8203,u16,16,param115,10,单元1电池组SOC,0
3,8204,u16,16,param116,10,单元1电池组SOH,0
3,8205,u16,16,param117,10,单元1充电限制电流,0
3,8206,u16,16,param118,10,单元1放电限制电流,0
3,8207,u16,16,param119,10,单元1充电限制电压,0
3,8208,u16,16,param120,10,单元1放电限制电压,0
3,8209,u16,16,param121,10,单元1充电可用电量,0
3,8210,u16,16,param122,10,单元1放电可用电量,0