FunctionCode,Address,Size,Index,ParamName,Type,Min,Max,Expression,ReExpression,Unit,Comments,DefaultValue,DataOrder,SampleRate
3,4096,16,0,startupMode,System.Int16,0,1,,,,启动模式 0:手动 1:自动,,,
3,4097,16,0,workMode,System.Int16,0,4,,,,工作模式 0:待机 1:制冷 2:制热 3:自循环 4:自动,,,
3,4098,16,0,waterControlObj,System.Int16,0,1,,,,供回水控制目标,,,
3,4099,16,0,coolPresetTemp,System.Int16,0,90,,,,制冷预设温度,,,
3,4100,16,0,coolReturnDiff,System.Int16,0,9,,,,制冷回差,,,
3,4101,16,0,heatPresetTemp,System.Int16,0,99,,,,制热预设温度,,,
3,4102,16,0,heatReturnDiff,System.Int16,0,9,,,,制热回差,,,
3,4103,16,0,tempControlPumpSpeed,System.Int16,55,100,,,,控温时泵转速,,,
3,4104,16,0,autoCyclePumpSpeed,System.Int16,55,100,,,,自循环泵转速,,,
3,4105,16,0,liquidTempHighPoint,System.Int16,0,65,,,,液温过高点,,,
3,4106,16,0,liquidTempLowPoint,System.Int16,-40,30,,,,液温过低点,,,
3,4107,16,0,returnWaterPressureLowPoint,System.Int16,0,2,,,,回水压力过低点,,,
3,4108,16,0,supplyWaterPressureHighPoint,System.Int16,0,20,,,,供水压力过高点,,,
3,4109,16,0,supplyWaterPressureWarningPoint,System.Int16,0,20,,,,供水压力预警点,,,
3,4110,16,0,supplyWaterPressureWarningDiff,System.Int16,-9,9,,,,供水压力预警回差,,,
3,4111,16,0,communicationAddress,System.Int16,0,128,,,,485 通讯地址,,,
3,4112,16,0,baudRate,System.Int16,0,2,,,,波特率,,,
3,0,8,0,unitOperationStatus,System.UInt16,,,,,,机组运行状态,,,
3,0,8,8,unitOperationMode,System.UInt16,,,,,,机组运行模式,,,
3,1,1,0,systemHighPressureSwitchInput,System.UInt16,,,,,,系统高压开关量输入,,,
3,1,1,9,heaterOverloadSwitchInput,System.UInt16,,,,,,加热管过载开关量输入,,,
3,1,1,2,systemLowPressureSwitchInput,System.UInt16,,,,,,系统低压开关量输入,,,
3,1,1,10,fanOverloadSwitchInput,System.UInt16,,,,,,风机过载开关量输入,,,
3,1,1,5,liquidLevelSwitchInput,System.UInt16,,,,,,液位开关开关量输入,,,
3,1,1,6,waterPumpOverloadSwitchInput,System.UInt16,,,,,,供水泵过载开关量输入,,,
3,2,1,3,fanRelayOutput,System.UInt16,,,,,,风机继电器输出,,,
3,2,1,5,heaterRelayOutput,System.UInt16,,,,,,加热管继电器输出,,,
3,2,1,6,warningRelayOutput,System.UInt16,,,,,,报警继电器输出,,,
3,2,1,7,heatingTapeRelayOutput,System.UInt16,,,,,,加热带继电器输出,,,
3,3,16,0,supplyLiquidTemp,System.Int16,,,0.1*Param,,℃,供液温度,,,
3,4,16,0,returnLiquidTemp,System.Int16,,,0.1*Param,,℃,回液温度,,,
3,5,16,0,systemEvaporating,System.Int16,,,0.1*Param,,℃,系统蒸进,,,
3,7,16,0,evaporatingOutTemp,System.Int16,,,0.1*Param,,℃,蒸出温度,,,
3,8,16,0,envTemp,System.Int16,,,0.1*Param,,℃,环境温度,,,
3,9,16,0,systemCondensing,System.Int16,,,0.1*Param,,℃,系统冷凝,,,
3,10,16,0,expansionValveCurrentOpening,System.UInt16,,,,,步,节流电膨当前开度,,,
3,11,16,0,waterPumpCurrentSpeed,System.UInt16,,,,,%,水泵当前转速,,,
3,12,16,0,compressorCurrentSpeed,System.UInt16,,,,,RPS,压缩机当前转速,,,
3,13,16,0,fanCurrentSpeed,System.UInt16,,,,,RPS,风机转速,,,
3,18,16,0,supplyWaterPressure,System.UInt16,,,0.1*Param,,bar,供水压力,,,
3,19,16,0,returnWaterPressure,System.UInt16,,,0.1*Param,,bar,回水压力,,,
3,20,16,0,exhaustPressure,System.UInt16,,,0.1*Param,,bar,排气压力,,,
3,25,1,0,waterPumpFault,System.UInt16,,,,,,供水泵故障,,,
3,25,1,1,pumpEmptyRunningProtectionFault,System.UInt16,,,,,,泵空转保护故障,,,
3,25,1,2,pumpBlockageProtectionFault,System.UInt16,,,,,,泵堵转保护故障,,,
3,25,1,3,pumpOverCurrentFault,System.UInt16,,,,,,泵过流故障,,,
3,25,1,4,pumpUnderPressureFault,System.UInt16,,,,,,泵欠压故障,,,
3,25,1,5,pumpOverPressureFault,System.UInt16,,,,,,泵过压故障,,,
3,25,1,6,pumpPhaseFailureCurrentSamplingOffsetLostStepPrechargeFault,System.UInt16,,,,,,泵缺相/电流采样偏移/失步/预充故障,,,
3,25,1,7,pumpDriveOverheatProtectionFault,System.UInt16,,,,,,泵驱动过热保护故障,,,
3,25,1,8,supplyWaterPressureSensorFault,System.UInt16,,,,,,供水压力传感器故障,,,
3,25,1,9,mainBoardIICFault,System.UInt16,,,,,,主板 IIC 故障,,,
3,25,1,10,returnWaterPressureLowFault,System.UInt16,,,,,,回水压力低故障,,,
3,25,1,11,supplyWaterPressureOverHighFault,System.UInt16,,,,,,供水压力过高,,,
3,25,1,12,voltageOverHighFault,System.UInt16,,,,,,电压过高,,,
3,25,1,13,voltageUnderLowFault,System.UInt16,,,,,,电压过低,,,
3,26,1,0,systemVoltageLowFault,System.UInt16,,,,,,系统低压,,,
3,26,1,1,electricHeatingProtectionFault,System.UInt16,,,,,,电加热保护,,,
3,26,1,2,fanOverloadFault1,System.UInt16,,,,,,风机过载1,,,
3,26,1,3,systemHighPressureFault,System.UInt16,,,,,,系统高压故障,,,
3,26,1,4,evaporatingInletProbeFault,System.UInt16,,,,,,蒸发进口探头故障,,,
3,26,1,5,evaporatingOutletProbeFault,System.UInt16,,,,,,蒸发出口探头故障,,,
3,26,1,6,systemHighPressureWarningLockFault,System.UInt16,,,,,,系统高压报警锁定,,,
3,26,1,7,exhaustPressureSensorFault,System.UInt16,,,,,,排气压力传感器故障,,,
3,26,1,8,compressorInverterCommunicationFault,System.UInt16,,,,,,压缩机变频器通讯故障,,,
3,27,1,0,liquidTempProbeFault,System.UInt16,,,,,,液温探头故障,,,
3,27,1,1,returnLiquidTempProbeFault,System.UInt16,,,,,,回液探头故障,,,
3,27,1,2,environmentTempProbeFault,System.UInt16,,,,,,环境探头故障,,,
3,27,1,3,liquidTempOverHighFault,System.UInt16,,,,,,液温过高,,,
3,27,1,4,returnWaterPressureSensorFault,System.UInt16,,,,,,回水压力传感器故障,,,
3,27,1,5,screenMainBoardCommunicationTimeoutFault,System.UInt16,,,,,,屏幕与主板通讯超时,,,
3,27,1,6,liquidTempUnderLowFault,System.UInt16,,,,,,液温过低,,,
3,27,1,7,supplyWaterPressureOverHighWarningFault,System.UInt16,,,,,,供水压力过高预警,,,
3,27,1,8,powerFailureWarningFault,System.UInt16,,,,,,掉电报警,,,
3,27,1,9,subBoardCommunicationFault,System.UInt16,,,,,,从板通讯故障,,,
3,28,1,0,compressorStartMomentOverCurrentFault,System.UInt16,,,,,,压机起动瞬间过流,,,
3,28,1,1,compressorAccelerationOverCurrentFault,System.UInt16,,,,,,压机加速运行过流,,,
3,28,1,2,compressorDecelerationOverCurrentFault,System.UInt16,,,,,,压机减速运行过流,,,
3,28,1,3,compressorConstantSpeedOverCurrentFault,System.UInt16,,,,,,压机恒速运行过流,,,
3,28,1,4,compressorAccelerationOverPressureFault,System.UInt16,,,,,,压机加速运行过压,,,
3,28,1,5,compressorDecelerationOverPressureFault,System.UInt16,,,,,,压机减速运行过压,,,
3,28,1,6,compressorConstantSpeedOverPressureFault,System.UInt16,,,,,,压机恒速运行过压,,,
3,28,1,7,compressorStandbyOverPressureFault,System.UInt16,,,,,,压机待机时过压,,,
3,28,1,8,compressorRunningUnderVoltageFault,System.UInt16,,,,,,压机运行中欠压,,,
3,28,1,9,compressorOutputPhaseFault,System.UInt16,,,,,,压机输出缺相,,,
3,28,1,10,compressorPowerDeviceProtectionFault,System.UInt16,,,,,,压机功率器件保护,,,
3,28,1,11,compressorOverheatFault,System.UInt16,,,,,,压机过热,,,
3,28,1,12,compressorOverloadFault,System.UInt16,,,,,,压机过载,,,
3,28,1,13,compressorDetectOverloadFault,System.UInt16,,,,,,压机检测压机过载,,,
3,28,1,14,compressorLoadOverHeavyFault,System.UInt16,,,,,,压机负载过重,,,
3,28,1,15,compressorSpeedOverHighFault,System.UInt16,,,,,,压机速度过大,,,
3,29,1,0,compressorDAxisCurrentOverHighFault,System.UInt16,,,,,,压机 D 轴电流过大,,,
3,29,1,1,compressorQAxisCurrentOverHighFault,System.UInt16,,,,,,压机 Q 轴电流过大,,,
3,29,1,2,compressorParameterStorageFault,System.UInt16,,,,,,压机参数存储失败,,,
3,29,1,3,compressorCommunicationFault,System.UInt16,,,,,,压机通讯异常,,,
3,29,1,4,compressorCurrentDetectionFault,System.UInt16,,,,,,压机电流检测故障,,,
3,29,1,5,compressorStartMomentMotorBlockageFault,System.UInt16,,,,,,压机启动中电机堵转,,,
3,29,1,6,compressorRunningMotorBlockageFault,System.UInt16,,,,,,压机运行中电机堵转,,,
3,29,1,7,compressorLostSpeedFault,System.UInt16,,,,,,压机失速故障,,,
3,29,1,8,compressorInterruptOverflowFault1,System.UInt16,,,,,,压机中断溢出 1,,,
3,29,1,9,compressorInterruptOverflowFault2,System.UInt16,,,,,,压机中断溢出 2,,,
3,29,1,10,compressorStartMomentRotorShakingOverHighFault,System.UInt16,,,,,,压机启动中转子抖动过大,,,
3,29,1,11,compressorRunningRotorShakingOverHighFault,System.UInt16,,,,,,压机运行中转子抖动过大,,,
3,29,1,12,pfcOverCurrentFault,System.UInt16,,,,,,PFC 过流,,,
3,29,1,13,pfcPeakCurrentOverHighFault,System.UInt16,,,,,,PFC 峰值电流过大,,,
3,29,1,14,pfcRmsCurrentOverHighFault,System.UInt16,,,,,, PFC 有效值电流过大,,,
3,32,16,0,inverterFaultInformation,System.UInt16,,,,,,变频器故障代码,,,
3,34,16,0,systemTotalErrorLevel,System.UInt16,,,,,,系统总故障等级,,,
3,35,16,0,systemTotalErrorCode,System.UInt16,,,,,,系统总故障代码,,,
3,36,1,0,fanStartMomentOverCurrentFault,System.UInt16,,,,,,风机起动瞬间过流,,,
3,36,1,1,fanAccelerationOverCurrentFault,System.UInt16,,,,,,风机加速运行过流,,,
3,36,1,2,fanDecelerationOverCurrentFault,System.UInt16,,,,,,风机减速运行过流,,,
3,36,1,3,fanConstantSpeedOverCurrentFault,System.UInt16,,,,,,风机恒速运行过流,,,
3,36,1,4,fanAccelerationOverPressureFault,System.UInt16,,,,,,风机加速运行过压,,,
3,36,1,5,fanDecelerationOverPressureFault,System.UInt16,,,,,,风机减速运行过压,,,
3,36,1,6,fanConstantSpeedOverPressureFault,System.UInt16,,,,,,风机恒速运行过压,,,
3,36,1,7,fanStandbyOverPressureFault,System.UInt16,,,,,,风机待机时过压,,,
3,36,1,8,fanRunningUnderVoltageFault,System.UInt16,,,,,,风机运行中欠压,,,
3,36,1,9,fanInputPhaseFault,System.UInt16,,,,,,风机输入缺相,,,
3,36,1,10,fanOutputPhaseFault,System.UInt16,,,,,,风机输出缺相,,,
3,36,1,11,fanPowerDeviceProtectionFault,System.UInt16,,,,,,风机功率器件保护,,,
3,36,1,12,fanOverheatFault,System.UInt16,,,,,,风机过热,,,
3,36,1,13,inverterOverloadFault,System.UInt16,,,,,,变频器过载,,,
3,36,1,14,fanOverloadFault2,System.UInt16,,,,,,风机过载2,,,
3,36,1,15,fanExternalFault,System.UInt16,,,,,,外部故障,,,
3,37,1,0,motorLoadOverHeavyFault,System.UInt16,,,,,,电机负载过重,,,
3,37,1,1,inverterUnderLoadFault,System.UInt16,,,,,,变频器欠载,,,
3,37,1,2,fanFault,System.UInt16,,,,,,风扇故障,,,
3,37,1,3,userUsageExpirationTimeArrivedFault,System.UInt16,,,,,,用户使用期限禁止时间已到,,,
3,37,1,4,parameterStorageFault,System.UInt16,,,,,,参数存储失败,,,
3,37,1,5,communicationFault,System.UInt16,,,,,,通讯异常,,,
3,37,1,6,currentDetectionFault,System.UInt16,,,,,,电流检测故障,,,
3,37,1,7,autoTuningFault,System.UInt16,,,,,,自整定不良,,,
3,37,1,8,analogInputLossFault,System.UInt16,,,,,,模拟输入掉线,,,
3,37,1,9,pgDisconnectionFault,System.UInt16,,,,,,PG 断线,,,
3,37,1,10,thermistorOpenCircuitFault,System.UInt16,,,,,, 热敏电阻开路,,,
3,37,1,11,abnormalStopFault,System.UInt16,,,,,,异常停机故障,,,
3,38,16,0,threePhasePfcFaultNumber,System.UInt16,,,,,,三相 PFC 故障号,,,
3,60,16,0,inverterOutputPower,System.UInt16,,,0.1*Param,,kW,变频器输出功率,,,
3,61,16,0,waterPumpAccumulatedRunningHours,System.UInt16,,,,,h,水泵累计运行小时,,,
3,62,16,0,waterPumpAccumulatedRunningCycles,System.UInt16,,,,,天,水泵累计运行周期,,,
3,63,16,0,heaterAccumulatedRunningHours,System.UInt16,,,,,h,加热累计运行小时,,,
3,64,16,0,heaterAccumulatedRunningWeeks,System.UInt16,,,,,天,加热累计运行周数,,,
3,65,16,0,compressorAccumulatedRunningHours,System.UInt16,,,,,h,压缩机累计运行小时,,,
3,66,16,0,compressorAccumulatedRunningWeeks,System.UInt16,,,,,天,压缩机累计运行周数,,,
3,67,16,0,fanAccumulatedRunningDuration,System.UInt16,,,,,h,风机累计运行时长,,,
3,68,16,0,fanAccumulatedRunningWeeks,System.UInt16,,,,,天,风机累计运行周数,,,
