FunctionCode,Address,Size,ParamName,Scale,Description,ModelSim
3,0,32,yc0,1000,PCS#1-RS485-线电压AB,model=4|arg1=emu.PcsList[0].LineVoltageAB|arg2= |arg3= |arg4=1000
3,2,32,yc1,1000,PCS#1-RS485-线电压BC,model=4|arg1=emu.PcsList[0].LineVoltageBC|arg2= |arg3= |arg4=1000
3,4,32,yc2,1000,PCS#1-RS485-线电压CA,model=4|arg1=emu.PcsList[0].LineVoltageCA|arg2= |arg3= |arg4=1000
3,6,32,yc3,1000,PCS#1-RS485-频率,model=4|arg1=emu.PcsList[0].Frequency|arg2= |arg3= |arg4=1000
3,8,32,yc4,1000,PCS#1-RS485-A相电流,model=4|arg1=emu.PcsList[0].PhaseACurrent|arg2= |arg3= |arg4=1000
3,10,32,yc5,1000,PCS#1-RS485-B相电流,model=4|arg1=emu.PcsList[0].PhaseBCurrent|arg2= |arg3= |arg4=1000
3,12,32,yc6,1000,PCS#1-RS485-C相电流,model=4|arg1=emu.PcsList[0].PhaseCCurrent|arg2= |arg3= |arg4=1000
3,14,32,yc7,1000,PCS#1-RS485-电池电压,model=4|arg1=emu.PcsList[0].BatteryVoltage|arg2= |arg3= |arg4=1000
3,16,32,yc8,1000,PCS#1-RS485-电池电流,model=4|arg1=emu.PcsList[0].BatteryCurrent|arg2= |arg3= |arg4=1000
3,18,32,yc9,1000,PCS#1-RS485-电池功率,model=4|arg1=emu.PcsList[0].BatteryPower|arg2= |arg3= |arg4=1000
3,20,32,yc10,1000,PCS#1-RS485-环境温度,model=4|arg1=emu.PcsList[0].AmbientTemp|arg2= |arg3= |arg4=1000
3,22,32,yc11,1000,PCS#1-RS485-有功功率,model=4|arg1=emu.PcsList[0].ActivePower|arg2= |arg3= |arg4=1000
3,24,32,yc12,1,PCS#1-RS485-当前可用容量,model=4|arg1=emu.PcsList[0].AvailableCapacity|arg2= |arg3= |arg4=1000
3,26,32,yc13,1,PCS#1-RS485-无功功率,model=4|arg1=emu.PcsList[0].ReactivePower|arg2= |arg3= |arg4=1000
3,28,32,yc14,1,PCS#1-RS485-功率因数,model=4|arg1=emu.PcsList[0].PowerFactor|arg2= |arg3= |arg4=1000
3,30,32,yc15,1,PCS#1-RS485-总充电量,model=4|arg1=emu.PcsList[0].TotalChargeEnergy|arg2= |arg3= |arg4=1000
3,32,32,yc16,1,PCS#1-RS485-总放电量,model=4|arg1=emu.PcsList[0].TotalDischargeEnergy|arg2= |arg3= |arg4=1000
3,34,32,yc17,1,PCS#1-RS485-日充电量,model=4|arg1=emu.PcsList[0].DailyChargeEnergy|arg2= |arg3= |arg4=1000
3,36,32,yc18,1,PCS#1-RS485-日放电量,model=4|arg1=emu.PcsList[0].DailyDischargeEnergy|arg2= |arg3= |arg4=1000
3,38,32,yc19,1,PCS#1-RS485-正对地绝缘阻抗值,model=2|arg1=20000000|arg2=25000000|arg3= |arg4=1000
3,40,32,yc20,1,PCS#1-RS485-负对地绝缘阻抗值,model=2|arg1=20000000|arg2=25000000arg3= |arg4=1000
3,42,32,yc21,1,PCS#1-RS485-控制舱温度,model=2|arg1=30|arg2=35|arg3= |arg4=1000
3,44,32,yc22,1,PCS#1-RS485-控制舱湿度,model=2|arg1=45|arg2=65|arg3= |arg4=1000
3,46,32,yc23,1,PCS#1-RS485-IGBT最大温度,model=2|arg1=65|arg2=85|arg3= |arg4=1000
3,48,32,yc24,1,PCS#1-RS485-最大可充电功率,
3,50,32,yc25,1,PCS#1-RS485-最大可放电功率,
3,52,32,yc26,1,PCS#1-RS485-最大可用感性无功功率,
3,54,32,yc27,1,PCS#1-RS485-最大可用容型无功功率,
3,56,32,yc28,1,PCS#1-RS485-最大可充电功率(关联开机使能),
3,58,32,yc29,1,PCS#1-RS485-最大可放电功率(关联开机使能),
3,60,32,yc30,1,PCS#1-RS485-最大可用感性无功功率(关联开机使能),
3,62,32,yc31,1,PCS#1-RS485-最大可用容型无功功率(关联开机使能),
3,64,32,yc32,1,PCS#1-CAN-最大可充电功率,
3,66,32,yc33,1,PCS#1-CAN-最大可放电功率,
3,68,32,yc34,1,PCS#1-CAN-最大可用感性无功功率,
3,70,32,yc35,1,PCS#1-CAN-最大可用容性无功功率,
3,72,32,yc36,1,PCS#1-RS485-电池充电保护电压,model=4|arg1=emu.PcsList[0].BatteryChargeProtectionVoltage|arg2= |arg3= |arg4=1000
3,74,32,yc37,1,PCS#1-RS485-电池放电保护电压,model=4|arg1=emu.PcsList[0].BatteryDischargeProtectionVoltage|arg2= |arg3= |arg4=1000
3,76,32,yc38,1,PCS#1-RS485-电池充电保护电流,model=4|arg1=emu.PcsList[0].BatteryChargeProtectionCurrent|arg2= |arg3= |arg4=1000
3,78,32,yc39,1,PCS#1-RS485-电池放电保护电流,model=4|arg1=emu.PcsList[0].BatteryDischargeProtectionCurrent|arg2= |arg3= |arg4=1000
3,80,32,yc40,1,PCS#1-RS485-电池充电限流点,model=4|arg1=emu.PcsList[0].BatteryChargeCurrentLimit|arg2= |arg3= |arg4=1000
3,82,32,yc41,1,PCS#1-RS485-电池充电限压点,model=4|arg1=emu.PcsList[0].BatteryChargeVoltageLimit|arg2= |arg3= |arg4=1000
3,84,32,yc42,1,PCS#1-RS485-电池放电限流点,model=4|arg1=emu.PcsList[0].BatteryDischargeCurrentLimit|arg2= |arg3= |arg4=1000
3,86,32,yc43,1,PCS#1-RS485-电池放电限压点,model=4|arg1=emu.PcsList[0].BatteryDischargeVoltageLimit|arg2= |arg3= |arg4=1000
3,88,32,yc44,1,PCS#1-RS485-电池充电限功率点,model=4|arg1=emu.PcsList[0].BatteryChargePowerLimit|arg2= |arg3= |arg4=1000
3,90,32,yc45,1,PCS#1-RS485-电池放电限功率点,model=4|arg1=emu.PcsList[0].BatteryDischargePowerLimit|arg2= |arg3= |arg4=1000
3,92,32,yc46,1,PCS#1-RS485-充电功率限值,model=4|arg1=emu.PcsList[0].ChargePowerLimit|arg2= |arg3= |arg4=1000
3,94,32,yc47,1,PCS#1-RS485-放电功率限值,model=4|arg1=emu.PcsList[0].DischargePowerLimit|arg2= |arg3= |arg4=1000
3,96,32,yc48,1,PCS#1-RS485-有功调度方式,model=4|arg1=emu.PcsList[0].ActivePowerDispatchMode|arg2= |arg3= |arg4=1000
3,98,32,yc49,1,PCS#1-RS485-无功调度方式,model=4|arg1=emu.PcsList[0].ReactivePowerDispatchMode|arg2= |arg3= |arg4=1000
3,100,32,yc50,1,PCS#1-RS485-有功无功优先,model=4|arg1=emu.PcsList[0].ActiveReactivePriority|arg2= |arg3= |arg4=1000
3,102,32,yc51,1,PCS#1-RS485-频率有功设置,model=4|arg1=emu.PcsList[0].FrequencyActiveSetting|arg2= |arg3= |arg4=1000
3,104,32,yc52,1,PCS#1-RS485-禁止充电,model=4|arg1=emu.PcsList[0].ChargeProhibited|arg2= |arg3= |arg4=1000
3,106,32,yc53,1,PCS#1-RS485-禁止放电,model=4|arg1=emu.PcsList[0].DischargeProhibited|arg2= |arg3= |arg4=1000
3,108,32,yc54,1,PCS#1-RS485-直流恒流电流,model=4|arg1=emu.PcsList[0].DCCCLimit|arg2= |arg3= |arg4=1000
3,110,32,yc55,1,PCS#1-RS485-直流恒压电压,model=4|arg1=emu.PcsList[0].DCCVLimit|arg2= |arg3= |arg4=1000
3,112,32,yc56,1,PCS#1-RS485-直流恒功率,
3,114,32,yc57,1,PCS#1-RS485-有功功率设置,model=4|arg1=emu.PcsList[0].ActivePower|arg2= |arg3= |arg4=1000
3,116,32,yc58,1,PCS#1-RS485-无功功率设置,model=4|arg1=emu.PcsList[0].ReactivePower|arg2= |arg3= |arg4=1000
3,118,32,yc59,1,PCS#1-RS485-功率因数设置,model=4|arg1=emu.PcsList[0].PowerFactor|arg2= |arg3= |arg4=1000
3,120,32,yc60,1,PCS#1-RS485-快速转放电超时设置,
3,122,32,yc61,1,PCS#1-CAN-输出有功功率(CAN),
3,124,32,yc62,1,PCS#1-CAN-输出无功功率(CAN),
3,126,32,yc63,1,PCS#1-CAN-有功功率设定(CAN),
3,128,32,yc64,1,PCS#1-CAN-无功功率设定(CAN),
3,130,32,yc65,1,PCS#1-RS485-变流器运行状态,
3,132,32,yc66,1,PCS#1-RS485-额定功率,model=4|arg1=emu.PcsList[0].PCSRatePower|arg2= |arg3= |arg4=1000
3,134,32,yc67,1,PCS#1-RS485-遥测预留-2,
3,136,32,yc68,1,PCS#1-RS485-遥测预留-3,
3,138,32,yc69,1,PCS#1-RS485-遥测预留-4,
3,140,32,yc70,1,PCS#1-RS485-遥测预留-5,
3,142,32,yc71,1,PCS#1-RS485-遥测预留-6,
3,144,32,yc72,1,PCS#1-RS485-遥测预留-7,
3,146,32,yc73,1,PCS#1-RS485-遥测预留-8,
3,148,32,yc74,1,PCS#1-RS485-遥测预留-9,
3,150,32,yc75,1,PCS#1-RS485-遥测预留-10,
3,152,32,yc76,1,PCS#1-RS485-遥调预留-1,
3,154,32,yc77,1,PCS#1-RS485-遥调预留-2,
3,156,32,yc78,1,PCS#1-RS485-遥调预留-3,
3,158,32,yc79,1,PCS#1-RS485-遥调预留-4,
3,160,32,yc80,1,PCS#1-RS485-遥调预留-5,
3,162,32,yc81,1,PCS#1-RS485-遥调预留-6,
3,164,32,yc82,1,PCS#1-RS485-遥调预留-7,
3,166,32,yc83,1,PCS#1-RS485-遥调预留-8,
3,168,32,yc84,1,PCS#1-RS485-遥调预留-9,
3,170,32,yc85,1,PCS#1-RS485-遥调预留-10,
3,172,32,yc86,1,PCS#1-RS485-遥调预留-1,
3,174,32,yc87,1,PCS#1-RS485-遥调预留-2,
3,176,32,yc88,1,PCS#1-RS485-遥调预留-3,
3,178,32,yc89,1,PCS#1-RS485-遥调预留-4,
3,180,32,yc90,1,PCS#1-RS485-遥调预留-5,
3,182,32,yc91,1,PCS#1-RS485-遥调预留-6,
3,184,32,yc92,1,PCS#1-RS485-遥调预留-7,
3,186,32,yc93,1,PCS#1-RS485-遥调预留-8,
3,188,32,yc94,1,PCS#1-RS485-遥调预留-9,
3,190,32,yc95,1,PCS#1-RS485-遥调预留-10,
3,192,32,yc96,1,PCS#2-RS485-线电压AB,model=4|arg1=emu.PcsList[1].LineVoltageAB|arg2= |arg3= |arg4=1000
3,194,32,yc97,1,PCS#2-RS485-线电压BC,model=4|arg1=emu.PcsList[1].LineVoltageBC|arg2= |arg3= |arg4=1000
3,196,32,yc98,1,PCS#2-RS485-线电压CA,model=4|arg1=emu.PcsList[1].LineVoltageCA|arg2= |arg3= |arg4=1000
3,198,32,yc99,1,PCS#2-RS485-频率,model=4|arg1=emu.PcsList[1].Frequency|arg2= |arg3= |arg4=1000
3,200,32,yc100,1,PCS#2-RS485-A相电流,model=4|arg1=emu.PcsList[1].PhaseACurrent|arg2= |arg3= |arg4=1000
3,202,32,yc101,1,PCS#2-RS485-B相电流,model=4|arg1=emu.PcsList[1].PhaseBCurrent|arg2= |arg3= |arg4=1000
3,204,32,yc102,1,PCS#2-RS485-C相电流,model=4|arg1=emu.PcsList[1].PhaseCCurrent|arg2= |arg3= |arg4=1000
3,206,32,yc103,1,PCS#2-RS485-电池电压,model=4|arg1=emu.PcsList[1].BatteryVoltage|arg2= |arg3= |arg4=1000
3,208,32,yc104,1,PCS#2-RS485-电池电流,model=4|arg1=emu.PcsList[1].BatteryCurrent|arg2= |arg3= |arg4=1000
3,210,32,yc105,1,PCS#2-RS485-电池功率,model=4|arg1=emu.PcsList[1].BatteryPower|arg2= |arg3= |arg4=1000
3,212,32,yc106,1,PCS#2-RS485-环境温度,model=4|arg1=emu.PcsList[1].AmbientTemp|arg2= |arg3= |arg4=1000
3,214,32,yc107,1,PCS#2-RS485-有功功率,model=4|arg1=emu.PcsList[1].ActivePower|arg2= |arg3= |arg4=1000
3,216,32,yc108,1,PCS#2-RS485-当前可用容量,model=4|arg1=emu.PcsList[1].AvailableCapacity|arg2= |arg3= |arg4=1000
3,218,32,yc109,1,PCS#2-RS485-无功功率,model=4|arg1=emu.PcsList[1].ReactivePower|arg2= |arg3= |arg4=1000
3,220,32,yc110,1,PCS#2-RS485-功率因数,model=4|arg1=emu.PcsList[1].PowerFactor|arg2= |arg3= |arg4=1000
3,222,32,yc111,1,PCS#2-RS485-总充电量,model=4|arg1=emu.PcsList[1].TotalChargeEnergy|arg2= |arg3= |arg4=1000
3,224,32,yc112,1,PCS#2-RS485-总放电量,model=4|arg1=emu.PcsList[1].TotalDischargeEnergy|arg2= |arg3= |arg4=1000
3,226,32,yc113,1,PCS#2-RS485-日充电量,model=4|arg1=emu.PcsList[1].DailyChargeEnergy|arg2= |arg3= |arg4=1000
3,228,32,yc114,1,PCS#2-RS485-日放电量,model=4|arg1=emu.PcsList[1].DailyDischargeEnergy|arg2= |arg3= |arg4=1000
3,230,32,yc115,1,PCS#2-RS485-正对地绝缘阻抗值,model=4|arg1=emu.PcsList[1].PositiveToGroundInsulation|arg2= |arg3= |arg4=1001
3,232,32,yc116,1,PCS#2-RS485-负对地绝缘阻抗值,model=4|arg1=emu.PcsList[1].NegativeToGroundInsulation|arg2= |arg3= |arg4=1001
3,234,32,yc117,1,PCS#2-RS485-控制舱温度,model=4|arg1=emu.PcsList[1].ControlCabinetTemp|arg2= |arg3= |arg4=1001
3,236,32,yc118,1,PCS#2-RS485-控制舱湿度,model=4|arg1=emu.PcsList[1].ControlCabinetHumidity|arg2= |arg3= |arg4=1001
3,238,32,yc119,1,PCS#2-RS485-IGBT最大温度,model=4|arg1=emu.PcsList[1].IGBTMaxTemp|arg2= |arg3= |arg4=1001
3,240,32,yc120,1,PCS#2-RS485-最大可充电功率,
3,242,32,yc121,1,PCS#2-RS485-最大可放电功率,
3,244,32,yc122,1,PCS#2-RS485-最大可用感性无功功率,
3,246,32,yc123,1,PCS#2-RS485-最大可用容型无功功率,
3,248,32,yc124,1,PCS#2-RS485-最大可充电功率(关联开机使能),
3,250,32,yc125,1,PCS#2-RS485-最大可放电功率(关联开机使能),
3,252,32,yc126,1,PCS#2-RS485-最大可用感性无功功率(关联开机使能),
3,254,32,yc127,1,PCS#2-RS485-最大可用容型无功功率(关联开机使能),
3,256,32,yc128,1,PCS#2-RS485-变流器运行状态,
3,258,32,yc129,1,PCS#2-RS485-电池充电保护电压,model=4|arg1=emu.PcsList[1].BatteryChargeProtectionVoltage|arg2= |arg3= |arg4=1000
3,260,32,yc130,1,PCS#2-RS485-电池放电保护电压,model=4|arg1=emu.PcsList[1].BatteryDischargeProtectionVoltage|arg2= |arg3= |arg4=1000
3,262,32,yc131,1,PCS#2-RS485-电池充电保护电流,model=4|arg1=emu.PcsList[1].BatteryChargeProtectionCurrent|arg2= |arg3= |arg4=1000
3,264,32,yc132,1,PCS#2-RS485-电池放电保护电流,model=4|arg1=emu.PcsList[1].BatteryDischargeProtectionCurrent|arg2= |arg3= |arg4=1000
3,266,32,yc133,1,PCS#2-RS485-电池充电限流点,model=4|arg1=emu.PcsList[1].BatteryChargeCurrentLimit|arg2= |arg3= |arg4=1000
3,268,32,yc134,1,PCS#2-RS485-电池充电限压点,model=4|arg1=emu.PcsList[1].BatteryChargeVoltageLimit|arg2= |arg3= |arg4=1000
3,270,32,yc135,1,PCS#2-RS485-电池放电限流点,model=4|arg1=emu.PcsList[1].BatteryDischargeCurrentLimit|arg2= |arg3= |arg4=1000
3,272,32,yc136,1,PCS#2-RS485-电池放电限压点,model=4|arg1=emu.PcsList[1].BatteryDischargeVoltageLimit|arg2= |arg3= |arg4=1000
3,274,32,yc137,1,PCS#2-RS485-电池充电限功率点,model=4|arg1=emu.PcsList[1].BatteryChargePowerLimit|arg2= |arg3= |arg4=1000
3,276,32,yc138,1,PCS#2-RS485-电池放电限功率点,model=4|arg1=emu.PcsList[1].BatteryDischargePowerLimit|arg2= |arg3= |arg4=1000
3,278,32,yc139,1,PCS#2-RS485-充电功率限值,model=4|arg1=emu.PcsList[1].ChargePowerLimit|arg2= |arg3= |arg4=1000
3,280,32,yc140,1,PCS#2-RS485-放电功率限值,model=4|arg1=emu.PcsList[1].DischargePowerLimit|arg2= |arg3= |arg4=1000
3,282,32,yc141,1,PCS#2-RS485-有功调度方式,model=4|arg1=emu.PcsList[1].ActivePowerDispatchMode|arg2= |arg3= |arg4=1000
3,284,32,yc142,1,PCS#2-RS485-无功调度方式,model=4|arg1=emu.PcsList[1].ReactivePowerDispatchMode|arg2= |arg3= |arg4=1000
3,286,32,yc143,1,PCS#2-RS485-有功无功优先,model=4|arg1=emu.PcsList[1].ActiveReactivePriority|arg2= |arg3= |arg4=1000
3,288,32,yc144,1,PCS#2-RS485-频率有功设置,model=4|arg1=emu.PcsList[1].FrequencyActiveSetting|arg2= |arg3= |arg4=1000
3,290,32,yc145,1,PCS#2-RS485-禁止充电,model=4|arg1=emu.PcsList[1].ChargeProhibited|arg2= |arg3= |arg4=1000
3,292,32,yc146,1,PCS#2-RS485-禁止放电,model=4|arg1=emu.PcsList[1].DischargeProhibited|arg2= |arg3= |arg4=1000
3,294,32,yc147,1,PCS#2-RS485-直流恒流电流,model=4|arg1=emu.PcsList[1].DCCCLimit|arg2= |arg3= |arg4=1001
3,296,32,yc148,1,PCS#2-RS485-直流恒压电压,model=4|arg1=emu.PcsList[1].DCCVLimit|arg2= |arg3= |arg4=1001
3,298,32,yc149,1,PCS#2-RS485-直流恒功率,
3,300,32,yc150,1,PCS#2-RS485-有功功率设置,model=4|arg1=emu.PcsList[1].ActivePower|arg2= |arg3= |arg4=1000
3,302,32,yc151,1,PCS#2-RS485-无功功率设置,model=4|arg1=emu.PcsList[1].ReactivePower|arg2= |arg3= |arg4=1000
3,304,32,yc152,1,PCS#2-RS485-功率因数设置,model=4|arg1=emu.PcsList[1].PowerFactor|arg2= |arg3= |arg4=1000
3,306,32,yc153,1,PCS#2-RS485-快速转放电超时设置,
3,308,32,yc154,1,PCS#2-RS485-额定功率,model=4|arg1=emu.PcsList[1].PCSRatePower|arg2= |arg3= |arg4=1000
3,310,32,yc155,1,PCS#2-RS485-遥测预留-2,
3,312,32,yc156,1,PCS#2-RS485-遥测预留-3,
3,314,32,yc157,1,PCS#2-RS485-遥测预留-4,
3,316,32,yc158,1,PCS#2-RS485-遥测预留-5,
3,318,32,yc159,1,PCS#2-RS485-遥测预留-6,
3,320,32,yc160,1,PCS#2-RS485-遥测预留-7,
3,322,32,yc161,1,PCS#2-RS485-遥测预留-8,
3,324,32,yc162,1,PCS#2-RS485-遥测预留-9,
3,326,32,yc163,1,PCS#2-RS485-遥测预留-10,
3,328,32,yc164,1,PCS#2-RS485-遥调预留-1,
3,330,32,yc165,1,PCS#2-RS485-遥调预留-2,
3,332,32,yc166,1,PCS#2-RS485-遥调预留-3,
3,334,32,yc167,1,PCS#2-RS485-遥调预留-4,
3,336,32,yc168,1,PCS#2-RS485-遥调预留-5,
3,338,32,yc169,1,PCS#2-RS485-遥调预留-6,
3,340,32,yc170,1,PCS#2-RS485-遥调预留-7,
3,342,32,yc171,1,PCS#2-RS485-遥调预留-8,
3,344,32,yc172,1,PCS#2-RS485-遥调预留-9,
3,346,32,yc173,1,PCS#2-RS485-遥调预留-10,
3,348,32,yc174,1,PCS#2-RS485-遥调预留-1,
3,350,32,yc175,1,PCS#2-RS485-遥调预留-2,
3,352,32,yc176,1,PCS#2-RS485-遥调预留-3,
3,354,32,yc177,1,PCS#2-RS485-遥调预留-4,
3,356,32,yc178,1,PCS#2-RS485-遥调预留-5,
3,358,32,yc179,1,PCS#2-RS485-遥调预留-6,
3,360,32,yc180,1,PCS#2-RS485-遥调预留-7,
3,362,32,yc181,1,PCS#2-RS485-遥调预留-8,
3,364,32,yc182,1,PCS#2-RS485-遥调预留-9,
3,366,32,yc183,1,PCS#2-RS485-遥调预留-10,
3,368,32,yc184,1,PCS#2-CAN-输出有功功率(CAN),
3,370,32,yc185,1,PCS#2-CAN-输出无功功率(CAN),
3,372,32,yc186,1,PCS#2-CAN-最大可充电功率,
3,374,32,yc187,1,PCS#2-CAN-最大可放电功率,
3,376,32,yc188,1,PCS#2-CAN-最大可用感性无功功率,
3,378,32,yc189,1,PCS#2-CAN-最大可用容性无功功率,
3,380,32,yc190,1,PCS#2-CAN-有功功率设定(CAN),
3,382,32,yc191,1,PCS#2-CAN-无功功率设定(CAN),
3,384,32,yc192,1,XBCK-第一组A相电流,
3,386,32,yc193,1,XBCK-第一组B相电流,
3,388,32,yc194,1,XBCK-第一组C相电流,
3,390,32,yc195,1,XBCK-第一组AB线电压,
3,392,32,yc196,1,XBCK-第一组BC线电压,
3,394,32,yc197,1,XBCK-第一组CA线电压,
3,396,32,yc198,1,XBCK-第一组3相有功功率,
3,398,32,yc199,1,XBCK-第一组3相无功功率,
3,400,32,yc200,1,XBCK-第一组功率因数,
3,402,32,yc201,1,XBCK-第一组频率,
3,404,32,yc202,1,XBCK-第一组零序电流,
3,406,32,yc203,1,XBCK-备用,
3,408,32,yc204,1,XBCK-备用,
3,410,32,yc205,1,XBCK-备用,
3,412,32,yc206,1,XBCK-第二组A相电流,
3,414,32,yc207,1,XBCK-第二组B相电流,
3,416,32,yc208,1,XBCK-第二组C相电流,
3,418,32,yc209,1,XBCK-备用,
3,420,32,yc210,1,XBCK-备用,
3,422,32,yc211,1,XBCK-备用,
3,424,32,yc212,1,XBCK-4-20mA 1,
3,426,32,yc213,1,XBCK-4-20mA 2,
3,428,32,yc214,1,XBCK-4-20mA 3,
3,430,32,yc215,1,XBCK-X4-10-11-PT100变压器室在线测温,
3,432,32,yc216,1,XBCK-X4-12-13-PT100领排陀铜排在线测温,
3,434,32,yc217,1,XBCK-X4-14-15-PT100,
3,436,32,yc218,1,GBWK-变压器一次侧线电压,model=4|arg1=ess._transformer._currentState.PrimaryVoltage|arg2= |arg3= |arg4=1000
3,438,32,yc219,1,GBWK-变压器二次侧线电压,model=4|arg1=ess._transformer._currentState.SecondaryVoltage|arg2= |arg3= |arg4=1000
3,440,32,yc220,1,GBWK-变压器一次侧线电流,model=4|arg1=ess._transformer._currentState.PrimaryCurrent|arg2= |arg3= |arg4=1000
3,442,32,yc221,1,GBWK-变压器二次侧线电流,model=4|arg1=ess._transformer._currentState.SecondaryCurrent|arg2= |arg3= |arg4=1000
3,444,32,yc222,1,GBWK-绕组2 A相温度(双分裂时有效),
3,446,32,yc223,1,GBWK-绕组2 B相温度(双分裂时有效),
3,448,32,yc224,1,GBWK-绕组2 C相温度(双分裂时有效),
3,450,32,yc225,1,GBWK-绕组2 D路温度(预留),
3,452,32,yc226,1,GYZB-A相电流 Ia,
3,454,32,yc227,1,GYZB-B相电流 Ib,
3,456,32,yc228,1,GYZB-C相电流 Ic,
3,458,32,yc229,1,GYZB-线电压 UAB,
3,460,32,yc230,1,GYZB-线电压 UBC,
3,462,32,yc231,1,GYZB-线电压 UCA,
3,464,32,yc232,1,GYZB-有功功率 P ,
3,466,32,yc233,1,GYZB-无功功率 Q ,
3,468,32,yc234,1,GYZB-功率因数 PF ,
3,470,32,yc235,1,GYZB-频率,
3,472,32,yc236,1,DB-电网A相电压,model=4|arg1=emu.ElectricityMeter.PhaseAVoltage|arg2= |arg3= |arg4=1000
3,474,32,yc237,1,DB-电网B相电压,model=4|arg1=emu.ElectricityMeter.PhaseBVoltage|arg2= |arg3= |arg4=1000
3,476,32,yc238,1,DB-电网C相电压,model=4|arg1=emu.ElectricityMeter.PhaseCVoltage|arg2= |arg3= |arg4=1000
3,478,32,yc239,1,DB-电网AB线电压,model=4|arg1=emu.ElectricityMeter.LineVoltageAB|arg2= |arg3= |arg4=1000
3,480,32,yc240,1,DB-电网BC线电压,model=4|arg1=emu.ElectricityMeter.LineVoltageBC|arg2= |arg3= |arg4=1000
3,482,32,yc241,1,DB-电网CA线电压,model=4|arg1=emu.ElectricityMeter.LineVoltageCA|arg2= |arg3= |arg4=1000
3,484,32,yc242,1,DB-电网A相电流,model=4|arg1=emu.ElectricityMeter.PhaseACurrent|arg2= |arg3= |arg4=1000
3,486,32,yc243,1,DB-电网B相电流,model=4|arg1=emu.ElectricityMeter.PhaseBCurrent|arg2= |arg3= |arg4=1000
3,488,32,yc244,1,DB-电网C相电流,model=4|arg1=emu.ElectricityMeter.PhaseCCurrent|arg2= |arg3= |arg4=1000
3,490,32,yc245,1,DB-A相有功功率,
3,492,32,yc246,1,DB-B相有功功率,
3,494,32,yc247,1,DB-C相有功功率,
3,496,32,yc248,1,DB-总有功功率,
3,498,32,yc249,1,DB-A相无功功率,
3,500,32,yc250,1,DB-B相无功功率,
3,502,32,yc251,1,DB-C相无功功率,
3,504,32,yc252,1,DB-总无功功率,
3,506,32,yc253,1,DB-总视在功率,
3,508,32,yc254,1,DB-功率因数,
3,510,32,yc255,1,DB-电网频率,
3,512,32,yc256,1,DB-正向有功电能,
3,514,32,yc257,1,DB-反向有功电能,
3,516,32,yc258,1,DB-感性无功电能,
3,518,32,yc259,1,DB-容性无功电能,
3,520,32,yc260,1,EMU-输出总有功功率,
3,522,32,yc261,1,EMU-输出总无功功率,
3,524,32,yc262,1,EMU-最大可充电功率,
3,526,32,yc263,1,EMU-最大可放电功率,
3,528,32,yc264,1,EMU-最大可用感性无功,
3,530,32,yc265,1,EMU-最大可用容性无功,
3,532,32,yc266,1,EMU-工作状态,
3,534,32,yc267,1,EMU-PCS总数,
3,536,32,yc268,1,EMU-在线PCS数,
3,538,32,yc269,1,EMU-并网PCS数,
3,540,32,yc270,1,EMU-电池总数,
3,542,32,yc271,1,EMU-在线电池数,
3,544,32,yc272,1,EMU-电池平均SOC,
3,546,32,yc273,1,EMU-告警PCS台数,
3,548,32,yc274,1,EMU-故障PCS台数,
3,550,32,yc275,1,EMU-禁止充电PCS台数,
3,552,32,yc276,1,EMU-禁止放电PCS台数,
1,0,1,yx0,1,PCS#1-RS485-通信异常,
1,1,1,yx1,1,PCS#1-RS485-电网欠压,
1,2,1,yx2,1,PCS#1-RS485-电网过压,
1,3,1,yx3,1,PCS#1-RS485-电网欠频,
1,4,1,yx4,1,PCS#1-RS485-电网过频,
1,5,1,yx5,1,PCS#1-RS485-电网电压不平衡,
1,6,1,yx6,1,PCS#1-RS485-电网电流不平衡,
1,7,1,yx7,1,PCS#1-RS485-低电压穿越,
1,8,1,yx8,1,PCS#1-RS485-电网反序,
1,9,1,yx9,1,PCS#1-RS485-电网缺相,
1,10,1,yx10,1,PCS#1-RS485-电网电压异常,
1,11,1,yx11,1,PCS#1-RS485-频率异常,
1,12,1,yx12,1,PCS#1-RS485-防孤岛,
1,13,1,yx13,1,PCS#1-RS485-预留,
1,14,1,yx14,1,PCS#1-RS485-交流侧电流异常,
1,15,1,yx15,1,PCS#1-RS485-预留,
1,16,1,yx16,1,PCS#1-RS485-预留,
1,17,1,yx17,1,PCS#1-RS485-锁相不同步,
1,18,1,yx18,1,PCS#1-RS485-IGBT版本非法,
1,19,1,yx19,1,PCS#1-RS485-FPGA软件版本非法,
1,20,1,yx20,1,PCS#1-RS485-预留,
1,21,1,yx21,1,PCS#1-RS485-预留,
1,22,1,yx22,1,PCS#1-RS485-逆变电压直流分量检测异常,
1,23,1,yx23,1,PCS#1-RS485-U1板2.5V电源异常,
1,24,1,yx24,1,PCS#1-RS485-对拖老化温度异常,
1,25,1,yx25,1,PCS#1-RS485-变流器过流保护,
1,26,1,yx26,1,PCS#1-RS485-预留,
1,27,1,yx27,1,PCS#1-RS485-预留,
1,28,1,yx28,1,PCS#1-RS485-预留,
1,29,1,yx29,1,PCS#1-RS485-预留,
1,30,1,yx30,1,PCS#1-RS485-预留,
1,31,1,yx31,1,PCS#1-RS485-内舱NTC检测异常,
1,32,1,yx32,1,PCS#1-RS485-预留,
1,33,1,yx33,1,PCS#1-RS485-交流防雷器故障,
1,34,1,yx34,1,PCS#1-RS485-风扇故障,
1,35,1,yx35,1,PCS#1-RS485-驱动线缆链接异常,
1,36,1,yx36,1,PCS#1-RS485-U 1交流辅助电源板故障,
1,37,1,yx37,1,PCS#1-RS485-控制板辅助电源异常,
1,38,1,yx38,1,PCS#1-RS485-驱动电源未准备就绪,
1,39,1,yx39,1,PCS#1-RS485-二相流风扇故障,
1,40,1,yx40,1,PCS#1-RS485-扰流风扇故障,
1,41,1,yx41,1,PCS#1-RS485-控制板硬件版本错误,
1,42,1,yx42,1,PCS#1-RS485-控制板直流辅助电源板1故障,
1,43,1,yx43,1,PCS#1-RS485-U1与U2硬件版本不匹配,
1,44,1,yx44,1,PCS#1-RS485-IGBT三相版本错误,
1,45,1,yx45,1,PCS#1-RS485-预留,
1,46,1,yx46,1,PCS#1-RS485-负温度检测NTC异常,
1,47,1,yx47,1,PCS#1-RS485-系统参数设置异常,
1,48,1,yx48,1,PCS#1-RS485-DSP_FPGA SPI异常,
1,49,1,yx49,1,PCS#1-RS485-预留,
1,50,1,yx50,1,PCS#1-RS485-预留,
1,51,1,yx51,1,PCS#1-RS485-预留,
1,52,1,yx52,1,PCS#1-RS485-预留,
1,53,1,yx53,1,PCS#1-RS485-控制舱严重过温,
1,54,1,yx54,1,PCS#1-RS485-FPGA死机,
1,55,1,yx55,1,PCS#1-RS485-交流舱严重过温,
1,56,1,yx56,1,PCS#1-RS485-严重过温,
1,57,1,yx57,1,PCS#1-RS485-通信节点重号,
1,58,1,yx58,1,PCS#1-RS485-内部CAN通信异常,
1,59,1,yx59,1,PCS#1-RS485-调度CAN通信异常,
1,60,1,yx60,1,PCS#1-RS485-Q_P参数设置错误,
1,61,1,yx61,1,PCS#1-RS485-Q_U参数设置错误,
1,62,1,yx62,1,PCS#1-RS485-P_Freq参数设置错误,
1,63,1,yx63,1,PCS#1-RS485-P_U参数设置错误,
1,64,1,yx64,1,PCS#1-RS485-正负母线不平衡,
1,65,1,yx65,1,PCS#1-RS485-硬件正母线过压,
1,66,1,yx66,1,PCS#1-RS485-硬件负母线过压,
1,67,1,yx67,1,PCS#1-RS485-软件母线过压,
1,68,1,yx68,1,PCS#1-RS485-正母线短路,
1,69,1,yx69,1,PCS#1-RS485-负母线短路,
1,70,1,yx70,1,PCS#1-RS485-总母线短路,
1,71,1,yx71,1,PCS#1-RS485-硬件母线过压,
1,72,1,yx72,1,PCS#1-RS485-直流电压检测异常,
1,73,1,yx73,1,PCS#1-RS485-电池过流,
1,74,1,yx74,1,PCS#1-RS485-电操开路故障,
1,75,1,yx75,1,PCS#1-RS485-电操短路故障,
1,76,1,yx76,1,PCS#1-RS485-转换效率过高,
1,77,1,yx77,1,PCS#1-RS485-转换效率过低,
1,78,1,yx78,1,PCS#1-RS485-总母线欠压,
1,79,1,yx79,1,PCS#1-RS485-电池电压异常,
1,80,1,yx80,1,PCS#1-RS485-并机CAN通讯异常,
1,81,1,yx81,1,PCS#1-RS485-并机CAN ID冲突,
1,82,1,yx82,1,PCS#1-RS485-并机参数不匹配,
1,83,1,yx83,1,PCS#1-RS485-零序环流异常,
1,84,1,yx84,1,PCS#1-RS485-直流并联开机状态不一致,
1,85,1,yx85,1,PCS#1-RS485-离网同步开机超时,
1,86,1,yx86,1,PCS#1-RS485-工频同步异常,
1,87,1,yx87,1,PCS#1-RS485-预留,
1,88,1,yx88,1,PCS#1-RS485-预留,
1,89,1,yx89,1,PCS#1-RS485-预留,
1,90,1,yx90,1,PCS#1-RS485-预留,
1,91,1,yx91,1,PCS#1-RS485-预留,
1,92,1,yx92,1,PCS#1-RS485-预留,
1,93,1,yx93,1,PCS#1-RS485-预留,
1,94,1,yx94,1,PCS#1-RS485-预留,
1,95,1,yx95,1,PCS#1-RS485-预留,
1,96,1,yx96,1,PCS#1-RS485-硬件限流,
1,97,1,yx97,1,PCS#1-RS485-电感电流检测异常,
1,98,1,yx98,1,PCS#1-RS485-电感电流异常,
1,99,1,yx99,1,PCS#1-RS485-逆变电压异常,
1,100,1,yx100,1,PCS#1-RS485-OCP故障,
1,101,1,yx101,1,PCS#1-RS485-IGBT温度异常,
1,102,1,yx102,1,PCS#1-RS485-IGBT VCE异常,
1,103,1,yx103,1,PCS#1-RS485-逐波限流,
1,104,1,yx104,1,PCS#1-RS485-发波异常,
1,105,1,yx105,1,PCS#1-RS485-预留,
1,106,1,yx106,1,PCS#1-RS485-A相逐波限流,
1,107,1,yx107,1,PCS#1-RS485-B相逐波限流,
1,108,1,yx108,1,PCS#1-RS485-C相逐波限流,
1,109,1,yx109,1,PCS#1-RS485-A相发波异常,
1,110,1,yx110,1,PCS#1-RS485-B相发波异常,
1,111,1,yx111,1,PCS#1-RS485-C相发波异常,
1,112,1,yx112,1,PCS#1-RS485-预留,
1,113,1,yx113,1,PCS#1-RS485-预留,
1,114,1,yx114,1,PCS#1-RS485-预留,
1,115,1,yx115,1,PCS#1-RS485-预留,
1,116,1,yx116,1,PCS#1-RS485-预留,
1,117,1,yx117,1,PCS#1-RS485-预留,
1,118,1,yx118,1,PCS#1-RS485-预留,
1,119,1,yx119,1,PCS#1-RS485-预留,
1,120,1,yx120,1,PCS#1-RS485-预留,
1,121,1,yx121,1,PCS#1-RS485-预留,
1,122,1,yx122,1,PCS#1-RS485-预留,
1,123,1,yx123,1,PCS#1-RS485-预留,
1,124,1,yx124,1,PCS#1-RS485-预留,
1,125,1,yx125,1,PCS#1-RS485-预留,
1,126,1,yx126,1,PCS#1-RS485-预留,
1,127,1,yx127,1,PCS#1-RS485-预留,
1,128,1,yx128,1,PCS#1-RS485-直流软启失败,
1,129,1,yx129,1,PCS#1-RS485-谐波电流超限,
1,130,1,yx130,1,PCS#1-RS485-直流侧功率异常,
1,131,1,yx131,1,PCS#1-RS485-放电电阻过温,
1,132,1,yx132,1,PCS#1-RS485-直流防雷器故障,
1,133,1,yx133,1,PCS#1-RS485-逆变电压检测异常,
1,134,1,yx134,1,PCS#1-RS485-交流电容需维护（预留）,
1,135,1,yx135,1,PCS#1-RS485-过热保护,
1,136,1,yx136,1,PCS#1-RS485-过温运行,
1,137,1,yx137,1,PCS#1-RS485-电感过温,
1,138,1,yx138,1,PCS#1-RS485-直流舱过温,
1,139,1,yx139,1,PCS#1-RS485-功率舱过温,
1,140,1,yx140,1,PCS#1-RS485-电网超限,
1,141,1,yx141,1,PCS#1-RS485-直流开路故障,
1,142,1,yx142,1,PCS#1-RS485-内部SCI通信故障,
1,143,1,yx143,1,PCS#1-RS485-存储异常,
1,144,1,yx144,1,PCS#1-RS485-时钟异常,
1,145,1,yx145,1,PCS#1-RS485-FPGA SPI通信异常,
1,146,1,yx146,1,PCS#1-RS485-预留,
1,147,1,yx147,1,PCS#1-RS485-温湿度传感器异常,
1,148,1,yx148,1,PCS#1-RS485-AD SPI通信异常,
1,149,1,yx149,1,PCS#1-RS485-监控死机,
1,150,1,yx150,1,PCS#1-RS485-DSP死机,
1,151,1,yx151,1,PCS#1-RS485-监控CAN通信异常,
1,152,1,yx152,1,PCS#1-RS485-串行总线通信异常,
1,153,1,yx153,1,PCS#1-RS485-FPGA死机,
1,154,1,yx154,1,PCS#1-RS485-预留,
1,155,1,yx155,1,PCS#1-RS485-进风口温度过温,
1,156,1,yx156,1,PCS#1-RS485-控制舱过温,
1,157,1,yx157,1,PCS#1-RS485-风扇电源变压器过温,
1,158,1,yx158,1,PCS#1-RS485-预留,
1,159,1,yx159,1,PCS#1-RS485-预留,
1,160,1,yx160,1,PCS#1-RS485-交流输入220VDC输出辅助电源板故障,
1,161,1,yx161,1,PCS#1-RS485-直流输入220VDC输出辅助电源板故障,
1,162,1,yx162,1,PCS#1-RS485-监控15V电源异常,
1,163,1,yx163,1,PCS#1-RS485-预留,
1,164,1,yx164,1,PCS#1-RS485-预留,
1,165,1,yx165,1,PCS#1-RS485-远程EPO,
1,166,1,yx166,1,PCS#1-RS485-EPO,
1,167,1,yx167,1,PCS#1-RS485-预留,
1,168,1,yx168,1,PCS#1-RS485-监控板硬件版本错误,
1,169,1,yx169,1,PCS#1-RS485-预留,
1,170,1,yx170,1,PCS#1-RS485-干接点关机,
1,171,1,yx171,1,PCS#1-RS485-预留,
1,172,1,yx172,1,PCS#1-RS485-预留,
1,173,1,yx173,1,PCS#1-RS485-预留,
1,174,1,yx174,1,PCS#1-RS485-预留,
1,175,1,yx175,1,PCS#1-RS485-预留,
1,176,1,yx176,1,PCS#1-RS485-预留,
1,177,1,yx177,1,PCS#1-RS485-预留,
1,178,1,yx178,1,PCS#1-RS485-预留,
1,179,1,yx179,1,PCS#1-RS485-预留,
1,180,1,yx180,1,PCS#1-RS485-预留,
1,181,1,yx181,1,PCS#1-RS485-预留,
1,182,1,yx182,1,PCS#1-RS485-预留,
1,183,1,yx183,1,PCS#1-RS485-预留,
1,184,1,yx184,1,PCS#1-RS485-预留,
1,185,1,yx185,1,PCS#1-RS485-预留,
1,186,1,yx186,1,PCS#1-RS485-预留,
1,187,1,yx187,1,PCS#1-RS485-预留,
1,188,1,yx188,1,PCS#1-RS485-预留,
1,189,1,yx189,1,PCS#1-RS485-预留,
1,190,1,yx190,1,PCS#1-RS485-220V电源异常,
1,191,1,yx191,1,PCS#1-RS485-预留,
1,192,1,yx192,1,PCS#1-RS485-RS485B通信中断,
1,193,1,yx193,1,PCS#1-RS485-RS485C通信中断,
1,194,1,yx194,1,PCS#1-RS485-BMS通信故障,
1,195,1,yx195,1,PCS#1-RS485-预留,
1,196,1,yx196,1,PCS#1-RS485-控制舱湿度超标,
1,197,1,yx197,1,PCS#1-RS485-ModbusTCP通信中断,
1,198,1,yx198,1,PCS#1-RS485-预留,
1,199,1,yx199,1,PCS#1-RS485-预留,
1,200,1,yx200,1,PCS#1-RS485-EH12主功率风扇1故障,
1,201,1,yx201,1,PCS#1-RS485-EH12主功率风扇2故障,
1,202,1,yx202,1,PCS#1-RS485-EH12二相流风扇1故障,
1,203,1,yx203,1,PCS#1-RS485-EH12二相流风扇2故障,
1,204,1,yx204,1,PCS#1-RS485-EH12扰流风扇1故障,
1,205,1,yx205,1,PCS#1-RS485-EH12扰流风扇2故障,
1,206,1,yx206,1,PCS#1-RS485-电池过压,
1,207,1,yx207,1,PCS#1-RS485-电池欠压,
1,208,1,yx208,1,PCS#1-RS485-电池正对地过压,
1,209,1,yx209,1,PCS#1-RS485-电池负对地过压,
1,210,1,yx210,1,PCS#1-RS485-交流漏电流异常,
1,211,1,yx211,1,PCS#1-RS485-绝缘阻抗异常,
1,212,1,yx212,1,PCS#1-RS485-电池反,
1,213,1,yx213,1,PCS#1-RS485-交流电操短路故障,
1,214,1,yx214,1,PCS#1-RS485-交流电操开路故障,
1,215,1,yx215,1,PCS#1-RS485-PWM发波时间设置错误,
1,216,1,yx216,1,PCS#1-RS485-与监控板通信异常,
1,217,1,yx217,1,PCS#1-RS485-预留,
1,218,1,yx218,1,PCS#1-RS485-交流软启异常,
1,219,1,yx219,1,PCS#1-RS485-交流软启温度异常,
1,220,1,yx220,1,PCS#1-RS485-频率响应曲线设置错误,
1,221,1,yx221,1,PCS#1-RS485-载波同步主机冲突,
1,222,1,yx222,1,PCS#1-RS485-运行模式,
1,223,1,yx223,1,PCS#1-RS485-V-F模式,
1,224,1,yx224,1,PCS#1-RS485-构网模式,
1,225,1,yx225,1,PCS#1-RS485-预留,
1,226,1,yx226,1,PCS#1-RS485-预留,
1,227,1,yx227,1,PCS#1-RS485-预留,
1,228,1,yx228,1,PCS#1-RS485-预留,
1,229,1,yx229,1,PCS#1-RS485-预留,
1,230,1,yx230,1,PCS#1-RS485-预留,
1,231,1,yx231,1,PCS#1-RS485-预留,
1,232,1,yx232,1,PCS#1-RS485-预留,
1,233,1,yx233,1,PCS#1-RS485-预留,
1,234,1,yx234,1,PCS#1-RS485-预留,
1,235,1,yx235,1,PCS#1-RS485-预留,
1,236,1,yx236,1,PCS#1-RS485-预留,
1,237,1,yx237,1,PCS#1-RS485-预留,
1,238,1,yx238,1,PCS#1-RS485-预留,
1,239,1,yx239,1,PCS#1-RS485-变流器开启,
1,240,1,yx240,1,PCS#1-RS485-告警运行,
1,241,1,yx241,1,PCS#1-RS485-降额运行,
1,242,1,yx242,1,PCS#1-RS485-过载运行,
1,243,1,yx243,1,PCS#1-RS485-待机状态,
1,244,1,yx244,1,PCS#1-RS485-热备状态,
1,245,1,yx245,1,PCS#1-RS485-充电状态,
1,246,1,yx246,1,PCS#1-RS485-放电状态,
1,247,1,yx247,1,PCS#1-RS485-限压充电,
1,248,1,yx248,1,PCS#1-RS485-限压放电,
1,249,1,yx249,1,PCS#1-RS485-限流充电,
1,250,1,yx250,1,PCS#1-RS485-限流放电,
1,251,1,yx251,1,PCS#1-RS485-预充电状态（预留）,
1,252,1,yx252,1,PCS#1-RS485-开机允许,
1,253,1,yx253,1,PCS#1-RS485-预留,
1,254,1,yx254,1,PCS#1-RS485-预留,
1,255,1,yx255,1,PCS#1-RS485-预留,
1,256,1,yx256,1,PCS#1-RS485-预留,
1,257,1,yx257,1,PCS#1-RS485-预留,
1,258,1,yx258,1,PCS#1-RS485-预留,
1,259,1,yx259,1,PCS#1-RS485-预留,
1,260,1,yx260,1,PCS#1-RS485-预留,
1,261,1,yx261,1,PCS#1-RS485-预留,
1,262,1,yx262,1,PCS#1-RS485-预留,
1,263,1,yx263,1,PCS#1-RS485-预留,
1,264,1,yx264,1,PCS#1-RS485-预留,
1,265,1,yx265,1,PCS#1-RS485-预留,
1,266,1,yx266,1,PCS#1-RS485-预留,
1,267,1,yx267,1,PCS#1-RS485-预留,
1,268,1,yx268,1,PCS#1-RS485-预留,
1,269,1,yx269,1,PCS#1-RS485-一次调频,
1,270,1,yx270,1,PCS#1-RS485-A1板就绪,
1,271,1,yx271,1,PCS#1-RS485-预留,
1,272,1,yx272,1,PCS#1-RS485-预留,
1,273,1,yx273,1,PCS#1-RS485-扰流风扇启停,
1,274,1,yx274,1,PCS#1-RS485-逆变控制脱扣操作,
1,275,1,yx275,1,PCS#1-RS485-Servive模式,
1,276,1,yx276,1,PCS#1-RS485-控制板保护关机,
1,277,1,yx277,1,PCS#1-RS485-监控板保护关机,
1,278,1,yx278,1,PCS#1-RS485-大风扇启动,
1,279,1,yx279,1,PCS#1-RS485-二相流风扇启动,
1,280,1,yx280,1,PCS#1-RS485-预留,
1,281,1,yx281,1,PCS#1-RS485-面板开机旋钮,
1,282,1,yx282,1,PCS#1-RS485-预留,
1,283,1,yx283,1,PCS#1-RS485-预留,
1,284,1,yx284,1,PCS#1-RS485-EPO死锁状态,
1,285,1,yx285,1,PCS#1-RS485-功率异常死锁状态,
1,286,1,yx286,1,PCS#1-RS485-交流开关状态,
1,287,1,yx287,1,PCS#1-RS485-预留,
1,288,1,yx288,1,PCS#1-RS485-预留,
1,289,1,yx289,1,PCS#1-RS485-预留,
1,290,1,yx290,1,PCS#1-RS485-预留,
1,291,1,yx291,1,PCS#1-RS485-预留,
1,292,1,yx292,1,PCS#1-RS485-预留,
1,293,1,yx293,1,PCS#1-RS485-预留,
1,294,1,yx294,1,PCS#1-RS485-预留,
1,295,1,yx295,1,PCS#1-RS485-预留,
1,296,1,yx296,1,PCS#1-RS485-遥控开机,
1,297,1,yx297,1,PCS#1-RS485-遥控关机,
1,298,1,yx298,1,PCS#1-RS485-禁止充电,
1,299,1,yx299,1,PCS#1-RS485-禁止放电,
1,300,1,yx300,1,PCS#1-RS485-手动开机,
1,301,1,yx301,1,PCS#1-RS485-手动关机,
1,302,1,yx302,1,PCS#1-RS485-电操状态,
1,303,1,yx303,1,PCS#1-RS485-开机禁止,
1,304,1,yx304,1,PCS#1-RS485-总故障,
1,305,1,yx305,1,PCS#1-RS485-BMS告警,
1,306,1,yx306,1,PCS#1-RS485-BMS故障,
1,307,1,yx307,1,PCS#1-RS485-BMS禁止充电,
1,308,1,yx308,1,PCS#1-RS485-BMS禁止放电,
1,309,1,yx309,1,PCS#1-RS485-预留,
1,310,1,yx310,1,PCS#1-RS485-总告警,
1,311,1,yx311,1,PCS#1-RS485-快转放电状态,
1,312,1,yx312,1,PCS#1-RS485-预留,
1,313,1,yx313,1,PCS#1-RS485-预留,
1,314,1,yx314,1,PCS#1-RS485-预留,
1,315,1,yx315,1,PCS#1-RS485-预留,
1,316,1,yx316,1,PCS#1-RS485-预留,
1,317,1,yx317,1,PCS#1-RS485-预留,
1,318,1,yx318,1,PCS#1-RS485-预留,
1,319,1,yx319,1,PCS#1-RS485-预留,
1,320,1,yx320,1,PCS#1-RS485-预留,
1,321,1,yx321,1,PCS#1-RS485-预留,
1,322,1,yx322,1,PCS#1-RS485-预留,
1,323,1,yx323,1,PCS#1-RS485-预留,
1,324,1,yx324,1,PCS#1-RS485-预留,
1,325,1,yx325,1,PCS#1-RS485-预留,
1,326,1,yx326,1,PCS#1-RS485-预留,
1,327,1,yx327,1,PCS#1-RS485-预留,
1,328,1,yx328,1,PCS#1-RS485-输入干接点1状态,
1,329,1,yx329,1,PCS#1-RS485-输入干接点2状态,
1,330,1,yx330,1,PCS#1-RS485-输入干接点3状态,
1,331,1,yx331,1,PCS#1-RS485-输入干接点4状态,
1,332,1,yx332,1,PCS#1-RS485-输入干接点5状态,
1,333,1,yx333,1,PCS#1-RS485-输入干接点6状态,
1,334,1,yx334,1,PCS#1-RS485-1号输出干接点,
1,335,1,yx335,1,PCS#1-RS485-2号输出干接点,
1,336,1,yx336,1,PCS#1-RS485-3号输出干接点,
1,337,1,yx337,1,PCS#1-RS485-4号输出干接点,
1,338,1,yx338,1,PCS#1-RS485-输入干接点1触发状态,
1,339,1,yx339,1,PCS#1-RS485-输入干接点2触发状态,
1,340,1,yx340,1,PCS#1-RS485-输入干接点3触发状态,
1,341,1,yx341,1,PCS#1-RS485-输入干接点4触发状态,
1,342,1,yx342,1,PCS#1-RS485-输入干接点5触发状态,
1,343,1,yx343,1,PCS#1-RS485-输入干接点6触发状态,
1,344,1,yx344,1,PCS#1-RS485-遥信预留-1,
1,345,1,yx345,1,PCS#1-RS485-遥信预留-2,
1,346,1,yx346,1,PCS#1-RS485-遥信预留-3,
1,347,1,yx347,1,PCS#1-RS485-遥信预留-4,
1,348,1,yx348,1,PCS#1-RS485-遥信预留-5,
1,349,1,yx349,1,PCS#1-RS485-遥信预留-6,
1,350,1,yx350,1,PCS#1-RS485-遥信预留-7,
1,351,1,yx351,1,PCS#1-RS485-遥信预留-8,
1,352,1,yx352,1,PCS#1-RS485-遥信预留-9,
1,353,1,yx353,1,PCS#1-RS485-遥信预留-10,
1,354,1,yx354,1,PCS#2-RS485-通信异常,
1,355,1,yx355,1,PCS#2-RS485-电网欠压,
1,356,1,yx356,1,PCS#2-RS485-电网过压,
1,357,1,yx357,1,PCS#2-RS485-电网欠频,
1,358,1,yx358,1,PCS#2-RS485-电网过频,
1,359,1,yx359,1,PCS#2-RS485-电网电压不平衡,
1,360,1,yx360,1,PCS#2-RS485-电网电流不平衡,
1,361,1,yx361,1,PCS#2-RS485-低电压穿越,
1,362,1,yx362,1,PCS#2-RS485-电网反序,
1,363,1,yx363,1,PCS#2-RS485-电网缺相,
1,364,1,yx364,1,PCS#2-RS485-电网电压异常,
1,365,1,yx365,1,PCS#2-RS485-频率异常,
1,366,1,yx366,1,PCS#2-RS485-防孤岛,
1,367,1,yx367,1,PCS#2-RS485-预留,
1,368,1,yx368,1,PCS#2-RS485-交流侧电流异常,
1,369,1,yx369,1,PCS#2-RS485-预留,
1,370,1,yx370,1,PCS#2-RS485-预留,
1,371,1,yx371,1,PCS#2-RS485-锁相不同步,
1,372,1,yx372,1,PCS#2-RS485-IGBT版本非法,
1,373,1,yx373,1,PCS#2-RS485-FPGA软件版本非法,
1,374,1,yx374,1,PCS#2-RS485-预留,
1,375,1,yx375,1,PCS#2-RS485-预留,
1,376,1,yx376,1,PCS#2-RS485-逆变电压直流分量检测异常,
1,377,1,yx377,1,PCS#2-RS485-U1板2.5V电源异常,
1,378,1,yx378,1,PCS#2-RS485-对拖老化温度异常,
1,379,1,yx379,1,PCS#2-RS485-变流器过流保护,
1,380,1,yx380,1,PCS#2-RS485-预留,
1,381,1,yx381,1,PCS#2-RS485-预留,
1,382,1,yx382,1,PCS#2-RS485-预留,
1,383,1,yx383,1,PCS#2-RS485-预留,
1,384,1,yx384,1,PCS#2-RS485-预留,
1,385,1,yx385,1,PCS#2-RS485-内舱NTC检测异常,
1,386,1,yx386,1,PCS#2-RS485-预留,
1,387,1,yx387,1,PCS#2-RS485-交流防雷器故障,
1,388,1,yx388,1,PCS#2-RS485-风扇故障,
1,389,1,yx389,1,PCS#2-RS485-驱动线缆链接异常,
1,390,1,yx390,1,PCS#2-RS485-U 1交流辅助电源板故障,
1,391,1,yx391,1,PCS#2-RS485-控制板辅助电源异常,
1,392,1,yx392,1,PCS#2-RS485-驱动电源未准备就绪,
1,393,1,yx393,1,PCS#2-RS485-二相流风扇故障,
1,394,1,yx394,1,PCS#2-RS485-扰流风扇故障,
1,395,1,yx395,1,PCS#2-RS485-控制板硬件版本错误,
1,396,1,yx396,1,PCS#2-RS485-控制板直流辅助电源板1故障,
1,397,1,yx397,1,PCS#2-RS485-U1与U2硬件版本不匹配,
1,398,1,yx398,1,PCS#2-RS485-IGBT三相版本错误,
1,399,1,yx399,1,PCS#2-RS485-预留,
1,400,1,yx400,1,PCS#2-RS485-负温度检测NTC异常,
1,401,1,yx401,1,PCS#2-RS485-系统参数设置异常,
1,402,1,yx402,1,PCS#2-RS485-DSP_FPGA SPI异常,
1,403,1,yx403,1,PCS#2-RS485-预留,
1,404,1,yx404,1,PCS#2-RS485-预留,
1,405,1,yx405,1,PCS#2-RS485-预留,
1,406,1,yx406,1,PCS#2-RS485-预留,
1,407,1,yx407,1,PCS#2-RS485-控制舱严重过温,
1,408,1,yx408,1,PCS#2-RS485-FPGA死机,
1,409,1,yx409,1,PCS#2-RS485-交流舱严重过温,
1,410,1,yx410,1,PCS#2-RS485-严重过温,
1,411,1,yx411,1,PCS#2-RS485-通信节点重号,
1,412,1,yx412,1,PCS#2-RS485-内部CAN通信异常,
1,413,1,yx413,1,PCS#2-RS485-调度CAN通信异常,
1,414,1,yx414,1,PCS#2-RS485-Q_P参数设置错误,
1,415,1,yx415,1,PCS#2-RS485-Q_U参数设置错误,
1,416,1,yx416,1,PCS#2-RS485-P_Freq参数设置错误,
1,417,1,yx417,1,PCS#2-RS485-P_U参数设置错误,
1,418,1,yx418,1,PCS#2-RS485-正负母线不平衡,
1,419,1,yx419,1,PCS#2-RS485-硬件正母线过压,
1,420,1,yx420,1,PCS#2-RS485-硬件负母线过压,
1,421,1,yx421,1,PCS#2-RS485-软件母线过压,
1,422,1,yx422,1,PCS#2-RS485-正母线短路,
1,423,1,yx423,1,PCS#2-RS485-负母线短路,
1,424,1,yx424,1,PCS#2-RS485-总母线短路,
1,425,1,yx425,1,PCS#2-RS485-硬件母线过压,
1,426,1,yx426,1,PCS#2-RS485-直流电压检测异常,
1,427,1,yx427,1,PCS#2-RS485-电池过流,
1,428,1,yx428,1,PCS#2-RS485-电操开路故障,
1,429,1,yx429,1,PCS#2-RS485-电操短路故障,
1,430,1,yx430,1,PCS#2-RS485-转换效率过高,
1,431,1,yx431,1,PCS#2-RS485-转换效率过低,
1,432,1,yx432,1,PCS#2-RS485-总母线欠压,
1,433,1,yx433,1,PCS#2-RS485-电池电压异常,
1,434,1,yx434,1,PCS#2-RS485-并机CAN通讯异常,
1,435,1,yx435,1,PCS#2-RS485-并机CAN ID冲突,
1,436,1,yx436,1,PCS#2-RS485-并机参数不匹配,
1,437,1,yx437,1,PCS#2-RS485-零序环流异常,
1,438,1,yx438,1,PCS#2-RS485-直流并联开机状态不一致,
1,439,1,yx439,1,PCS#2-RS485-离网同步开机超时,
1,440,1,yx440,1,PCS#2-RS485-工频同步异常,
1,441,1,yx441,1,PCS#2-RS485-预留,
1,442,1,yx442,1,PCS#2-RS485-预留,
1,443,1,yx443,1,PCS#2-RS485-预留,
1,444,1,yx444,1,PCS#2-RS485-预留,
1,445,1,yx445,1,PCS#2-RS485-预留,
1,446,1,yx446,1,PCS#2-RS485-预留,
1,447,1,yx447,1,PCS#2-RS485-预留,
1,448,1,yx448,1,PCS#2-RS485-预留,
1,449,1,yx449,1,PCS#2-RS485-预留,
1,450,1,yx450,1,PCS#2-RS485-硬件限流,
1,451,1,yx451,1,PCS#2-RS485-电感电流检测异常,
1,452,1,yx452,1,PCS#2-RS485-电感电流异常,
1,453,1,yx453,1,PCS#2-RS485-逆变电压异常,
1,454,1,yx454,1,PCS#2-RS485-OCP故障,
1,455,1,yx455,1,PCS#2-RS485-IGBT温度异常,
1,456,1,yx456,1,PCS#2-RS485-IGBT VCE异常,
1,457,1,yx457,1,PCS#2-RS485-逐波限流,
1,458,1,yx458,1,PCS#2-RS485-发波异常,
1,459,1,yx459,1,PCS#2-RS485-预留,
1,460,1,yx460,1,PCS#2-RS485-A相逐波限流,
1,461,1,yx461,1,PCS#2-RS485-B相逐波限流,
1,462,1,yx462,1,PCS#2-RS485-C相逐波限流,
1,463,1,yx463,1,PCS#2-RS485-A相发波异常,
1,464,1,yx464,1,PCS#2-RS485-B相发波异常,
1,465,1,yx465,1,PCS#2-RS485-C相发波异常,
1,466,1,yx466,1,PCS#2-RS485-预留,
1,467,1,yx467,1,PCS#2-RS485-预留,
1,468,1,yx468,1,PCS#2-RS485-预留,
1,469,1,yx469,1,PCS#2-RS485-预留,
1,470,1,yx470,1,PCS#2-RS485-预留,
1,471,1,yx471,1,PCS#2-RS485-预留,
1,472,1,yx472,1,PCS#2-RS485-预留,
1,473,1,yx473,1,PCS#2-RS485-预留,
1,474,1,yx474,1,PCS#2-RS485-预留,
1,475,1,yx475,1,PCS#2-RS485-预留,
1,476,1,yx476,1,PCS#2-RS485-预留,
1,477,1,yx477,1,PCS#2-RS485-预留,
1,478,1,yx478,1,PCS#2-RS485-预留,
1,479,1,yx479,1,PCS#2-RS485-预留,
1,480,1,yx480,1,PCS#2-RS485-预留,
1,481,1,yx481,1,PCS#2-RS485-预留,
1,482,1,yx482,1,PCS#2-RS485-直流软启失败,
1,483,1,yx483,1,PCS#2-RS485-谐波电流超限,
1,484,1,yx484,1,PCS#2-RS485-直流侧功率异常,
1,485,1,yx485,1,PCS#2-RS485-放电电阻过温,
1,486,1,yx486,1,PCS#2-RS485-直流防雷器故障,
1,487,1,yx487,1,PCS#2-RS485-逆变电压检测异常,
1,488,1,yx488,1,PCS#2-RS485-交流电容需维护（预留）,
1,489,1,yx489,1,PCS#2-RS485-过热保护,
1,490,1,yx490,1,PCS#2-RS485-过温运行,
1,491,1,yx491,1,PCS#2-RS485-电感过温,
1,492,1,yx492,1,PCS#2-RS485-直流舱过温,
1,493,1,yx493,1,PCS#2-RS485-功率舱过温,
1,494,1,yx494,1,PCS#2-RS485-电网超限,
1,495,1,yx495,1,PCS#2-RS485-直流开路故障,
1,496,1,yx496,1,PCS#2-RS485-内部SCI通信故障,
1,497,1,yx497,1,PCS#2-RS485-存储异常,
1,498,1,yx498,1,PCS#2-RS485-时钟异常,
1,499,1,yx499,1,PCS#2-RS485-FPGA SPI通信异常,
1,500,1,yx500,1,PCS#2-RS485-预留,
1,501,1,yx501,1,PCS#2-RS485-温湿度传感器异常,
1,502,1,yx502,1,PCS#2-RS485-AD SPI通信异常,
1,503,1,yx503,1,PCS#2-RS485-监控死机,
1,504,1,yx504,1,PCS#2-RS485-DSP死机,
1,505,1,yx505,1,PCS#2-RS485-监控CAN通信异常,
1,506,1,yx506,1,PCS#2-RS485-串行总线通信异常,
1,507,1,yx507,1,PCS#2-RS485-FPGA死机,
1,508,1,yx508,1,PCS#2-RS485-预留,
1,509,1,yx509,1,PCS#2-RS485-进风口温度过温,
1,510,1,yx510,1,PCS#2-RS485-控制舱过温,
1,511,1,yx511,1,PCS#2-RS485-风扇电源变压器过温,
1,512,1,yx512,1,PCS#2-RS485-预留,
1,513,1,yx513,1,PCS#2-RS485-预留,
1,514,1,yx514,1,PCS#2-RS485-交流输入220VDC输出辅助电源板故障,
1,515,1,yx515,1,PCS#2-RS485-直流输入220VDC输出辅助电源板故障,
1,516,1,yx516,1,PCS#2-RS485-监控15V电源异常,
1,517,1,yx517,1,PCS#2-RS485-预留,
1,518,1,yx518,1,PCS#2-RS485-预留,
1,519,1,yx519,1,PCS#2-RS485-远程EPO,
1,520,1,yx520,1,PCS#2-RS485-EPO,
1,521,1,yx521,1,PCS#2-RS485-预留,
1,522,1,yx522,1,PCS#2-RS485-监控板硬件版本错误,
1,523,1,yx523,1,PCS#2-RS485-预留,
1,524,1,yx524,1,PCS#2-RS485-干接点关机,
1,525,1,yx525,1,PCS#2-RS485-预留,
1,526,1,yx526,1,PCS#2-RS485-预留,
1,527,1,yx527,1,PCS#2-RS485-预留,
1,528,1,yx528,1,PCS#2-RS485-预留,
1,529,1,yx529,1,PCS#2-RS485-预留,
1,530,1,yx530,1,PCS#2-RS485-预留,
1,531,1,yx531,1,PCS#2-RS485-预留,
1,532,1,yx532,1,PCS#2-RS485-预留,
1,533,1,yx533,1,PCS#2-RS485-预留,
1,534,1,yx534,1,PCS#2-RS485-预留,
1,535,1,yx535,1,PCS#2-RS485-预留,
1,536,1,yx536,1,PCS#2-RS485-预留,
1,537,1,yx537,1,PCS#2-RS485-预留,
1,538,1,yx538,1,PCS#2-RS485-预留,
1,539,1,yx539,1,PCS#2-RS485-预留,
1,540,1,yx540,1,PCS#2-RS485-预留,
1,541,1,yx541,1,PCS#2-RS485-预留,
1,542,1,yx542,1,PCS#2-RS485-预留,
1,543,1,yx543,1,PCS#2-RS485-预留,
1,544,1,yx544,1,PCS#2-RS485-220V电源异常,
1,545,1,yx545,1,PCS#2-RS485-预留,
1,546,1,yx546,1,PCS#2-RS485-RS485B通信中断,
1,547,1,yx547,1,PCS#2-RS485-RS485C通信中断,
1,548,1,yx548,1,PCS#2-RS485-BMS通信故障,
1,549,1,yx549,1,PCS#2-RS485-预留,
1,550,1,yx550,1,PCS#2-RS485-控制舱湿度超标,
1,551,1,yx551,1,PCS#2-RS485-ModbusTCP通信中断,
1,552,1,yx552,1,PCS#2-RS485-预留,
1,553,1,yx553,1,PCS#2-RS485-预留,
1,554,1,yx554,1,PCS#2-RS485-EH12主功率风扇1故障,
1,555,1,yx555,1,PCS#2-RS485-EH12主功率风扇2故障,
1,556,1,yx556,1,PCS#2-RS485-EH12二相流风扇1故障,
1,557,1,yx557,1,PCS#2-RS485-EH12二相流风扇2故障,
1,558,1,yx558,1,PCS#2-RS485-EH12扰流风扇1故障,
1,559,1,yx559,1,PCS#2-RS485-EH12扰流风扇2故障,
1,560,1,yx560,1,PCS#2-RS485-电池过压,
1,561,1,yx561,1,PCS#2-RS485-电池欠压,
1,562,1,yx562,1,PCS#2-RS485-电池正对地过压,
1,563,1,yx563,1,PCS#2-RS485-电池负对地过压,
1,564,1,yx564,1,PCS#2-RS485-交流漏电流异常,
1,565,1,yx565,1,PCS#2-RS485-绝缘阻抗异常,
1,566,1,yx566,1,PCS#2-RS485-电池反,
1,567,1,yx567,1,PCS#2-RS485-交流电操短路故障,
1,568,1,yx568,1,PCS#2-RS485-交流电操开路故障,
1,569,1,yx569,1,PCS#2-RS485-PWM发波时间设置错误,
1,570,1,yx570,1,PCS#2-RS485-与监控板通信异常,
1,571,1,yx571,1,PCS#2-RS485-预留,
1,572,1,yx572,1,PCS#2-RS485-交流软启异常,
1,573,1,yx573,1,PCS#2-RS485-交流软启温度异常,
1,574,1,yx574,1,PCS#2-RS485-频率响应曲线设置错误,
1,575,1,yx575,1,PCS#2-RS485-载波同步主机冲突,
1,576,1,yx576,1,PCS#2-RS485-运行模式,
1,577,1,yx577,1,PCS#2-RS485-V-F模式,
1,578,1,yx578,1,PCS#2-RS485-构网模式,
1,579,1,yx579,1,PCS#2-RS485-预留,
1,580,1,yx580,1,PCS#2-RS485-预留,
1,581,1,yx581,1,PCS#2-RS485-预留,
1,582,1,yx582,1,PCS#2-RS485-预留,
1,583,1,yx583,1,PCS#2-RS485-预留,
1,584,1,yx584,1,PCS#2-RS485-预留,
1,585,1,yx585,1,PCS#2-RS485-预留,
1,586,1,yx586,1,PCS#2-RS485-预留,
1,587,1,yx587,1,PCS#2-RS485-预留,
1,588,1,yx588,1,PCS#2-RS485-预留,
1,589,1,yx589,1,PCS#2-RS485-预留,
1,590,1,yx590,1,PCS#2-RS485-预留,
1,591,1,yx591,1,PCS#2-RS485-预留,
1,592,1,yx592,1,PCS#2-RS485-预留,
1,593,1,yx593,1,PCS#2-RS485-变流器开启,
1,594,1,yx594,1,PCS#2-RS485-告警运行,
1,595,1,yx595,1,PCS#2-RS485-降额运行,
1,596,1,yx596,1,PCS#2-RS485-过载运行,
1,597,1,yx597,1,PCS#2-RS485-待机状态,
1,598,1,yx598,1,PCS#2-RS485-热备状态,
1,599,1,yx599,1,PCS#2-RS485-充电状态,
1,600,1,yx600,1,PCS#2-RS485-放电状态,
1,601,1,yx601,1,PCS#2-RS485-限压充电,
1,602,1,yx602,1,PCS#2-RS485-限压放电,
1,603,1,yx603,1,PCS#2-RS485-限流充电,
1,604,1,yx604,1,PCS#2-RS485-限流放电,
1,605,1,yx605,1,PCS#2-RS485-预充电状态（预留）,
1,606,1,yx606,1,PCS#2-RS485-开机允许,
1,607,1,yx607,1,PCS#2-RS485-预留,
1,608,1,yx608,1,PCS#2-RS485-预留,
1,609,1,yx609,1,PCS#2-RS485-预留,
1,610,1,yx610,1,PCS#2-RS485-预留,
1,611,1,yx611,1,PCS#2-RS485-预留,
1,612,1,yx612,1,PCS#2-RS485-预留,
1,613,1,yx613,1,PCS#2-RS485-预留,
1,614,1,yx614,1,PCS#2-RS485-预留,
1,615,1,yx615,1,PCS#2-RS485-预留,
1,616,1,yx616,1,PCS#2-RS485-预留,
1,617,1,yx617,1,PCS#2-RS485-预留,
1,618,1,yx618,1,PCS#2-RS485-预留,
1,619,1,yx619,1,PCS#2-RS485-预留,
1,620,1,yx620,1,PCS#2-RS485-预留,
1,621,1,yx621,1,PCS#2-RS485-预留,
1,622,1,yx622,1,PCS#2-RS485-预留,
1,623,1,yx623,1,PCS#2-RS485-一次调频,
1,624,1,yx624,1,PCS#2-RS485-A1板就绪,
1,625,1,yx625,1,PCS#2-RS485-预留,
1,626,1,yx626,1,PCS#2-RS485-预留,
1,627,1,yx627,1,PCS#2-RS485-扰流风扇启停,
1,628,1,yx628,1,PCS#2-RS485-逆变控制脱扣操作,
1,629,1,yx629,1,PCS#2-RS485-Servive模式,
1,630,1,yx630,1,PCS#2-RS485-控制板保护关机,
1,631,1,yx631,1,PCS#2-RS485-监控板保护关机,
1,632,1,yx632,1,PCS#2-RS485-大风扇启动,
1,633,1,yx633,1,PCS#2-RS485-二相流风扇启动,
1,634,1,yx634,1,PCS#2-RS485-预留,
1,635,1,yx635,1,PCS#2-RS485-面板开机旋钮,
1,636,1,yx636,1,PCS#2-RS485-预留,
1,637,1,yx637,1,PCS#2-RS485-预留,
1,638,1,yx638,1,PCS#2-RS485-EPO死锁状态,
1,639,1,yx639,1,PCS#2-RS485-功率异常死锁状态,
1,640,1,yx640,1,PCS#2-RS485-交流开关状态,
1,641,1,yx641,1,PCS#2-RS485-预留,
1,642,1,yx642,1,PCS#2-RS485-预留,
1,643,1,yx643,1,PCS#2-RS485-预留,
1,644,1,yx644,1,PCS#2-RS485-预留,
1,645,1,yx645,1,PCS#2-RS485-预留,
1,646,1,yx646,1,PCS#2-RS485-预留,
1,647,1,yx647,1,PCS#2-RS485-预留,
1,648,1,yx648,1,PCS#2-RS485-预留,
1,649,1,yx649,1,PCS#2-RS485-预留,
1,650,1,yx650,1,PCS#2-RS485-遥控开机,
1,651,1,yx651,1,PCS#2-RS485-遥控关机,
1,652,1,yx652,1,PCS#2-RS485-禁止充电,
1,653,1,yx653,1,PCS#2-RS485-禁止放电,
1,654,1,yx654,1,PCS#2-RS485-手动开机,
1,655,1,yx655,1,PCS#2-RS485-手动关机,
1,656,1,yx656,1,PCS#2-RS485-电操状态,
1,657,1,yx657,1,PCS#2-RS485-开机禁止,
1,658,1,yx658,1,PCS#2-RS485-总故障,
1,659,1,yx659,1,PCS#2-RS485-BMS告警,
1,660,1,yx660,1,PCS#2-RS485-BMS故障,
1,661,1,yx661,1,PCS#2-RS485-BMS禁止充电,
1,662,1,yx662,1,PCS#2-RS485-BMS禁止放电,
1,663,1,yx663,1,PCS#2-RS485-预留,
1,664,1,yx664,1,PCS#2-RS485-总告警,
1,665,1,yx665,1,PCS#2-RS485-快转放电状态,
1,666,1,yx666,1,PCS#2-RS485-预留,
1,667,1,yx667,1,PCS#2-RS485-预留,
1,668,1,yx668,1,PCS#2-RS485-预留,
1,669,1,yx669,1,PCS#2-RS485-预留,
1,670,1,yx670,1,PCS#2-RS485-预留,
1,671,1,yx671,1,PCS#2-RS485-预留,
1,672,1,yx672,1,PCS#2-RS485-预留,
1,673,1,yx673,1,PCS#2-RS485-预留,
1,674,1,yx674,1,PCS#2-RS485-预留,
1,675,1,yx675,1,PCS#2-RS485-预留,
1,676,1,yx676,1,PCS#2-RS485-预留,
1,677,1,yx677,1,PCS#2-RS485-预留,
1,678,1,yx678,1,PCS#2-RS485-预留,
1,679,1,yx679,1,PCS#2-RS485-预留,
1,680,1,yx680,1,PCS#2-RS485-预留,
1,681,1,yx681,1,PCS#2-RS485-预留,
1,682,1,yx682,1,PCS#2-RS485-输入干接点1状态,
1,683,1,yx683,1,PCS#2-RS485-输入干接点2状态,
1,684,1,yx684,1,PCS#2-RS485-输入干接点3状态,
1,685,1,yx685,1,PCS#2-RS485-输入干接点4状态,
1,686,1,yx686,1,PCS#2-RS485-输入干接点5状态,
1,687,1,yx687,1,PCS#2-RS485-输入干接点6状态,
1,688,1,yx688,1,PCS#2-RS485-1号输出干接点,
1,689,1,yx689,1,PCS#2-RS485-2号输出干接点,
1,690,1,yx690,1,PCS#2-RS485-3号输出干接点,
1,691,1,yx691,1,PCS#2-RS485-4号输出干接点,
1,692,1,yx692,1,PCS#2-RS485-输入干接点1触发状态,
1,693,1,yx693,1,PCS#2-RS485-输入干接点2触发状态,
1,694,1,yx694,1,PCS#2-RS485-输入干接点3触发状态,
1,695,1,yx695,1,PCS#2-RS485-输入干接点4触发状态,
1,696,1,yx696,1,PCS#2-RS485-输入干接点5触发状态,
1,697,1,yx697,1,PCS#2-RS485-输入干接点6触发状态,
1,698,1,yx698,1,PCS#2-RS485-遥信预留-1,
1,699,1,yx699,1,PCS#2-RS485-遥信预留-2,
1,700,1,yx700,1,PCS#2-RS485-遥信预留-3,
1,701,1,yx701,1,PCS#2-RS485-遥信预留-4,
1,702,1,yx702,1,PCS#2-RS485-遥信预留-5,
1,703,1,yx703,1,PCS#2-RS485-遥信预留-6,
1,704,1,yx704,1,PCS#2-RS485-遥信预留-7,
1,705,1,yx705,1,PCS#2-RS485-遥信预留-8,
1,706,1,yx706,1,PCS#2-RS485-遥信预留-9,
1,707,1,yx707,1,PCS#2-RS485-遥信预留-10,
1,708,1,yx708,1,XBCK-通信异常,
1,709,1,yx709,1,XBCK-X3-1-开入1-预留,
1,710,1,yx710,1,XBCK-X3-2-开入2-预留,
1,711,1,yx711,1,XBCK-X3-3-开入3-预留,
1,712,1,yx712,1,XBCK-X3-4-开入4-预留,
1,713,1,yx713,1,XBCK-X3-5-开入5-BWD超温跳闸信号,
1,714,1,yx714,1,XBCK-X3-6-开入6-预留,
1,715,1,yx715,1,XBCK-X3-7-开入7-预留,
1,716,1,yx716,1,XBCK-X3-8-开入8-预留,
1,717,1,yx717,1,XBCK-X3-9-开入9-预留,
1,718,1,yx718,1,XBCK-X3-10-开入10-预留,
1,719,1,yx719,1,XBCK-X3-11-开入11-预留,
1,720,1,yx720,1,XBCK-X3-12-开入12-预留,
1,721,1,yx721,1,XBCK-X3-13-开入13-WL11网门状态-关门常闭,
1,722,1,yx722,1,XBCK-X3-14-开入14-集装箱门碰-关门常闭,
1,723,1,yx723,1,XBCK-X3-15-开入15-干变温控超温告警,
1,724,1,yx724,1,XBCK-X3-16-开入16-干变风机远传,
1,725,1,yx725,1,XBCK-X3-17-开入17-预留,
1,726,1,yx726,1,XBCK-X3-18-开入18-高压室烟感,
1,727,1,yx727,1,XBCK-X3-19-开入19-干变温控故障报警,
1,728,1,yx728,1,XBCK-X3-20-开入20-预留,
1,729,1,yx729,1,XBCK-主断路器,model=4|arg1=ess._breaker.IsClosed|arg2= |arg3= |arg4=1000
1,730,1,yx730,1,XBCK-备用,
1,731,1,yx731,1,XBCK-备用,
1,732,1,yx732,1,XBCK-备用,
1,733,1,yx733,1,XBCK-备用,
1,734,1,yx734,1,XBCK-备用,
1,735,1,yx735,1,XBCK-备用,
1,736,1,yx736,1,XBCK-备用,
1,737,1,yx737,1,XBCK-备用,
1,738,1,yx738,1,XBCK-备用,
1,739,1,yx739,1,XBCK-备用,
1,740,1,yx740,1,XBCK-备用,
1,741,1,yx741,1,XBCK-备用,
1,742,1,yx742,1,XBCK-备用,
1,743,1,yx743,1,XBCK-备用,
1,744,1,yx744,1,XBCK-备用,
1,745,1,yx745,1,XBCK-备用,
1,746,1,yx746,1,XBCK-备用,
1,747,1,yx747,1,XBCK-备用,
1,748,1,yx748,1,XBCK-备用,
1,749,1,yx749,1,XBCK-备用,
1,750,1,yx750,1,XBCK-备用,
1,751,1,yx751,1,XBCK-备用,
1,752,1,yx752,1,XBCK-备用,
1,753,1,yx753,1,XBCK-备用,
1,754,1,yx754,1,XBCK-备用,
1,755,1,yx755,1,XBCK-备用,
1,756,1,yx756,1,XBCK-备用,
1,757,1,yx757,1,XBCK-备用,
1,758,1,yx758,1,XBCK-备用,
1,759,1,yx759,1,XBCK-备用,
1,760,1,yx760,1,XBCK-备用,
1,761,1,yx761,1,XBCK-备用,
1,762,1,yx762,1,XBCK-备用,
1,763,1,yx763,1,XBCK-备用,
1,764,1,yx764,1,XBCK-备用,
1,765,1,yx765,1,GBWK-通信异常,
1,766,1,yx766,1,GBWK-风机控制输出位,
1,767,1,yx767,1,GBWK-超温跳闸输出位,
1,768,1,yx768,1,GBWK-超温报警输出位,
1,769,1,yx769,1,GBWK-故障报警输出位,
1,770,1,yx770,1,GBWK-预留5,
1,771,1,yx771,1,GBWK-预留6,
1,772,1,yx772,1,GBWK-预留7,
1,773,1,yx773,1,GBWK-预留8,
1,774,1,yx774,1,GBWK-预留9,
1,775,1,yx775,1,GBWK-预留10,
1,776,1,yx776,1,GBWK-预留11,
1,777,1,yx777,1,GBWK-预留12,
1,778,1,yx778,1,GBWK-预留13,
1,779,1,yx779,1,GBWK-预留14,
1,780,1,yx780,1,GBWK-预留15,
1,781,1,yx781,1,GBWK-预留16,
1,782,1,yx782,1,GYZB-通信异常,
1,783,1,yx783,1,GYZB-装置异常,
1,784,1,yx784,1,GYZB-装置是否有出错记录,
1,785,1,yx785,1,GYZB-装置是否有出错记录,
1,786,1,yx786,1,GYZB-保留,
1,787,1,yx787,1,GYZB-保留,
1,788,1,yx788,1,GYZB-保留,
1,789,1,yx789,1,GYZB-保留,
1,790,1,yx790,1,GYZB-保留,
1,791,1,yx791,1,GYZB-断路器合闸,
1,792,1,yx792,1,GYZB-断路器分闸,
1,793,1,yx793,1,GYZB-隔离刀合位,
1,794,1,yx794,1,GYZB-弹簧未储能,
1,795,1,yx795,1,GYZB-远方指示,
1,796,1,yx796,1,GYZB-接地刀合闸,
1,797,1,yx797,1,GYZB-高温,
1,798,1,yx798,1,GYZB-超温,
1,799,1,yx799,1,GYZB-合位虚遥信,
1,800,1,yx800,1,GYZB-分位虚遥信,
1,801,1,yx801,1,DB-通信异常,
1,802,1,yx802,1,EMU-开入1-PCS#1 ACB合闸,
1,803,1,yx803,1,EMU-开入2-PCS#2 ACB合闸,
1,804,1,yx804,1,EMU-开入3-预留,
1,805,1,yx805,1,EMU-开入4-PDC#1辅源失电,
1,806,1,yx806,1,EMU-开入5-预留,
1,807,1,yx807,1,EMU-开入6-PDC#2输出开关合闸,
1,808,1,yx808,1,EMU-开入7-预留,
1,809,1,yx809,1,EMU-开入8-预留,
1,810,1,yx810,1,EMU-开入9-PDC#2隔离变过温跳闸,
1,811,1,yx811,1,EMU-开入10-干接点状态,
1,812,1,yx812,1,EMU-开入11-干接点状态,
1,813,1,yx813,1,EMU-开入12-PDC#1站用电防雷器状态,
1,814,1,yx814,1,EMU-开入13-PDC#2站用电防雷器状态/PDC#2副边防雷器失效,
1,815,1,yx815,1,EMU-开入14-HQF室/变压器室环温高,
1,816,1,yx816,1,EMU-开入15-一体化烟感温感解耦1,
1,817,1,yx817,1,EMU-开入16-PDC#2输入开关合闸,
1,818,1,yx818,1,EMU-开入17-预留,
1,819,1,yx819,1,EMU-开入18-PDC#2输出开关合闸,
1,820,1,yx820,1,EMU-开入19-测控柜过温PDC_OVT1_65度,
1,821,1,yx821,1,EMU-开入20-BWD超温告警2,
1,822,1,yx822,1,EMU-开入21-BWD超温跳闸,
1,823,1,yx823,1,EMU-开入22-PDC#1EPO急停,
1,824,1,yx824,1,EMU-开入23-已速断,
1,825,1,yx825,1,EMU-开入24-PDC#1关键负载优选源失电,
1,826,1,yx826,1,EMU-SAU跳闸低压断路器,
1,827,1,yx827,1,EMU-SAU跳闸高压断路器-1,
1,828,1,yx828,1,EMU-SAU跳闸高压断路器-2,
1,829,1,yx829,1,EMU-消防信号,
1,830,1,yx830,1,EMU-风扇控制,
1,831,1,yx831,1,EMU-SOC均衡调度投入中,
1,832,1,yx832,1,EMU-PWM封波投入中,
1,833,1,yx833,1,EMU-所有PCS关机,
1,834,1,yx834,1,EMU-任意PCS开机,
1,835,1,yx835,1,EMU-所有PCS告警,
1,836,1,yx836,1,EMU-任意PCS告警,
1,837,1,yx837,1,EMU-所有PCS故障,
1,838,1,yx838,1,EMU-任意PCS故障,
1,839,1,yx839,1,EMU-所有PCS禁止充电,
1,840,1,yx840,1,EMU-任意PCS禁止充电,
1,841,1,yx841,1,EMU-所有PCS禁止放电,
1,842,1,yx842,1,EMU-任意PCS禁止放电,
3,554,32,yt0,1,PCS#1-RS485-电池充电保护电压,model=4|arg1=emu.PcsList[0].BatteryChargeProtectionVoltage|arg2= |arg3= |arg4=1000
3,556,32,yt1,1,PCS#1-RS485-电池放电保护电压,model=4|arg1=emu.PcsList[0].BatteryDischargeProtectionVoltage|arg2= |arg3= |arg4=1000
3,558,32,yt2,1,PCS#1-RS485-电池充电保护电流,model=4|arg1=emu.PcsList[0].BatteryChargeProtectionCurrent|arg2= |arg3= |arg4=1000
3,560,32,yt3,1,PCS#1-RS485-电池放电保护电流,model=4|arg1=emu.PcsList[0].BatteryDischargeProtectionCurrent|arg2= |arg3= |arg4=1000
3,562,32,yt4,1,PCS#1-RS485-电池充电限流点,model=4|arg1=emu.PcsList[0].BatteryChargeCurrentLimit|arg2= |arg3= |arg4=1000
3,564,32,yt5,1,PCS#1-RS485-电池充电限压点,model=4|arg1=emu.PcsList[0].BatteryChargeVoltageLimit|arg2= |arg3= |arg4=1000
3,566,32,yt6,1,PCS#1-RS485-电池放电限流点,model=4|arg1=emu.PcsList[0].BatteryDischargeCurrentLimit|arg2= |arg3= |arg4=1000
3,568,32,yt7,1,PCS#1-RS485-电池放电限压点,model=4|arg1=emu.PcsList[0].BatteryDischargeVoltageLimit|arg2= |arg3= |arg4=1000
3,570,32,yt8,1,PCS#1-RS485-电池充电限功率点,model=4|arg1=emu.PcsList[0].BatteryChargePowerLimit|arg2= |arg3= |arg4=1000
3,572,32,yt9,1,PCS#1-RS485-电池放电限功率点,model=4|arg1=emu.PcsList[0].BatteryDischargePowerLimit|arg2= |arg3= |arg4=1000
3,574,32,yt10,1,PCS#1-RS485-充电功率限值,model=4|arg1=emu.PcsList[0].ChargePowerLimit|arg2= |arg3= |arg4=1000
3,576,32,yt11,1,PCS#1-RS485-放电功率限值,model=4|arg1=emu.PcsList[0].DischargePowerLimit|arg2= |arg3= |arg4=1000
3,578,32,yt12,1,PCS#1-RS485-有功调度方式,model=4|arg1=emu.PcsList[0].ActivePowerDispatchMode|arg2= |arg3= |arg4=1000
3,580,32,yt13,1,PCS#1-RS485-无功调度方式,model=4|arg1=emu.PcsList[0].BatteryDischargeProtectionVoltage|arg2= |arg3= |arg4=1000
3,582,32,yt14,1,PCS#1-RS485-有功无功优先,model=4|arg1=emu.PcsList[0].ReactivePowerDispatchMode|arg2= |arg3= |arg4=1000
3,584,32,yt15,1,PCS#1-RS485-频率有功设置,model=4|arg1=emu.PcsList[0].FrequencyActiveSetting|arg2= |arg3= |arg4=1000
3,586,32,yt16,1,PCS#1-RS485-禁止充电,model=4|arg1=emu.PcsList[0].ChargeProhibited|arg2= |arg3= |arg4=1000
3,588,32,yt17,1,PCS#1-RS485-禁止放电,model=4|arg1=emu.PcsList[0].DischargeProhibited|arg2= |arg3= |arg4=1000
3,590,32,yt18,1,PCS#1-RS485-直流恒流电流,model=4|arg1=emu.PcsList[0].DCCCLimit|arg2= |arg3= |arg4=1000
3,592,32,yt19,1,PCS#1-RS485-直流恒压电压,model=4|arg1=emu.PcsList[0].DCCVLimit|arg2= |arg3= |arg4=1000
3,594,32,yt20,1,PCS#1-RS485-直流恒功率,
3,596,32,yt21,1,PCS#1-RS485-快速转放电超时设置,
3,598,32,yt22,1,PCS#1-RS485-遥调预留-1,model=4|arg1=emu.PcsList[0].PCSActivePowerSetting|arg2= |arg3= |arg4=1000
3,600,32,yt23,1,PCS#1-RS485-遥调预留-2,model=4|arg1=emu.PcsList[0].PCSReactivePowerSetting|arg2= |arg3= |arg4=1000
3,602,32,yt24,1,PCS#1-RS485-遥调预留-3,
3,604,32,yt25,1,PCS#1-RS485-遥调预留-4,
3,606,32,yt26,1,PCS#1-RS485-遥调预留-5,
3,608,32,yt27,1,PCS#1-RS485-遥调预留-6,
3,610,32,yt28,1,PCS#1-RS485-遥调预留-7,
3,612,32,yt29,1,PCS#1-RS485-遥调预留-8,
3,614,32,yt30,1,PCS#1-RS485-遥调预留-9,
3,616,32,yt31,1,PCS#1-RS485-遥调预留-10,
3,618,32,yt32,1,PCS#2-RS485-电池充电保护电压,model=4|arg1=emu.PcsList[1].BatteryChargeProtectionVoltage|arg2= |arg3= |arg4=1000
3,620,32,yt33,1,PCS#2-RS485-电池放电保护电压,model=4|arg1=emu.PcsList[1].BatteryDischargeProtectionVoltage|arg2= |arg3= |arg4=1000
3,622,32,yt34,1,PCS#2-RS485-电池充电保护电流,model=4|arg1=emu.PcsList[1].BatteryChargeProtectionCurrent|arg2= |arg3= |arg4=1000
3,624,32,yt35,1,PCS#2-RS485-电池放电保护电流,model=4|arg1=emu.PcsList[1].BatteryDischargeProtectionCurrent|arg2= |arg3= |arg4=1000
3,626,32,yt36,1,PCS#2-RS485-电池充电限流点,model=4|arg1=emu.PcsList[1].BatteryChargeCurrentLimit|arg2= |arg3= |arg4=1000
3,628,32,yt37,1,PCS#2-RS485-电池充电限压点,model=4|arg1=emu.PcsList[1].BatteryChargeVoltageLimit|arg2= |arg3= |arg4=1000
3,630,32,yt38,1,PCS#2-RS485-电池放电限流点,model=4|arg1=emu.PcsList[1].BatteryDischargeCurrentLimit|arg2= |arg3= |arg4=1000
3,632,32,yt39,1,PCS#2-RS485-电池放电限压点,model=4|arg1=emu.PcsList[1].BatteryDischargeVoltageLimit|arg2= |arg3= |arg4=1000
3,634,32,yt40,1,PCS#2-RS485-电池充电限功率点,model=4|arg1=emu.PcsList[1].BatteryChargePowerLimit|arg2= |arg3= |arg4=1000
3,636,32,yt41,1,PCS#2-RS485-电池放电限功率点,model=4|arg1=emu.PcsList[1].BatteryDischargePowerLimit|arg2= |arg3= |arg4=1000
3,638,32,yt42,1,PCS#2-RS485-充电功率限值,model=4|arg1=emu.PcsList[1].ChargePowerLimit|arg2= |arg3= |arg4=1000
3,640,32,yt43,1,PCS#2-RS485-放电功率限值,model=4|arg1=emu.PcsList[1].DischargePowerLimit|arg2= |arg3= |arg4=1000
3,642,32,yt44,1,PCS#2-RS485-有功调度方式,model=4|arg1=emu.PcsList[1].ActivePowerDispatchMode|arg2= |arg3= |arg4=1000
3,644,32,yt45,1,PCS#2-RS485-无功调度方式,model=4|arg1=emu.PcsList[1].BatteryDischargeProtectionVoltage|arg2= |arg3= |arg4=1000
3,646,32,yt46,1,PCS#2-RS485-有功无功优先,model=4|arg1=emu.PcsList[1].ReactivePowerDispatchMode|arg2= |arg3= |arg4=1000
3,648,32,yt47,1,PCS#2-RS485-频率有功设置,model=4|arg1=emu.PcsList[1].FrequencyActiveSetting|arg2= |arg3= |arg4=1000
3,650,32,yt48,1,PCS#2-RS485-禁止充电,model=4|arg1=emu.PcsList[1].ChargeProhibited|arg2= |arg3= |arg4=1000
3,652,32,yt49,1,PCS#2-RS485-禁止放电,model=4|arg1=emu.PcsList[1].DischargeProhibited|arg2= |arg3= |arg4=1000
3,654,32,yt50,1,PCS#2-RS485-直流恒流电流,model=4|arg1=emu.PcsList[1].DCCCLimit|arg2= |arg3= |arg4=1000
3,656,32,yt51,1,PCS#2-RS485-直流恒压电压,model=4|arg1=emu.PcsList[1].DCCVLimit|arg2= |arg3= |arg4=1000
3,658,32,yt52,1,PCS#2-RS485-直流恒功率,
3,660,32,yt53,1,PCS#2-RS485-快速转放电超时设置,
3,662,32,yt54,1,PCS#2-RS485-遥调预留-1,
3,664,32,yt55,1,PCS#2-RS485-遥调预留-2,
3,666,32,yt56,1,PCS#2-RS485-遥调预留-3,
3,668,32,yt57,1,PCS#2-RS485-遥调预留-4,
3,670,32,yt58,1,PCS#2-RS485-遥调预留-5,
3,672,32,yt59,1,PCS#2-RS485-遥调预留-6,
3,674,32,yt60,1,PCS#2-RS485-遥调预留-7,
3,676,32,yt61,1,PCS#2-RS485-遥调预留-8,
3,678,32,yt62,1,PCS#2-RS485-遥调预留-9,
3,680,32,yt63,1,PCS#2-RS485-遥调预留-10,
1,843,1,yk01,1,PCS#1-RS485-开关机命令,model=4|arg1=emu.PcsList[0].StartOrStop|arg2= |arg3= |arg4=1000
1,844,1,yk02,1,PCS#2-RS485-开关机命令,model=4|arg1=emu.PcsList[1].StartOrStop|arg2= |arg3= |arg4=1000
